"TIME","GEO","AGE","UNIT","SEX","Value","Flag and Footnotes"
"2007","European Union (28 countries)","From 25 to 74 years","Percentage of active population","Males","5.5",""
"2008","European Union (28 countries)","From 25 to 74 years","Percentage of active population","Males","5.5",""
"2009","European Union (28 countries)","From 25 to 74 years","Percentage of active population","Males","7.5",""
"2010","European Union (28 countries)","From 25 to 74 years","Percentage of active population","Males","8.2",""
"2011","European Union (28 countries)","From 25 to 74 years","Percentage of active population","Males","8.1",""
"2012","European Union (28 countries)","From 25 to 74 years","Percentage of active population","Males","8.9",""
"2013","European Union (28 countries)","From 25 to 74 years","Percentage of active population","Males","9.4",""
"2014","European Union (28 countries)","From 25 to 74 years","Percentage of active population","Males","8.8",""
"2015","European Union (28 countries)","From 25 to 74 years","Percentage of active population","Males","8.1",""
"2016","European Union (28 countries)","From 25 to 74 years","Percentage of active population","Males","7.2",""
"2007","European Union (27 countries)","From 25 to 74 years","Percentage of active population","Males","5.5",""
"2008","European Union (27 countries)","From 25 to 74 years","Percentage of active population","Males","5.5",""
"2009","European Union (27 countries)","From 25 to 74 years","Percentage of active population","Males","7.5",""
"2010","European Union (27 countries)","From 25 to 74 years","Percentage of active population","Males","8.2",""
"2011","European Union (27 countries)","From 25 to 74 years","Percentage of active population","Males","8.1",""
"2012","European Union (27 countries)","From 25 to 74 years","Percentage of active population","Males","8.9",""
"2013","European Union (27 countries)","From 25 to 74 years","Percentage of active population","Males","9.3",""
"2014","European Union (27 countries)","From 25 to 74 years","Percentage of active population","Males","8.7",""
"2015","European Union (27 countries)","From 25 to 74 years","Percentage of active population","Males","8.1",""
"2016","European Union (27 countries)","From 25 to 74 years","Percentage of active population","Males","7.2",""
"2007","European Union (25 countries)","From 25 to 74 years","Percentage of active population","Males","5.5",""
"2008","European Union (25 countries)","From 25 to 74 years","Percentage of active population","Males","5.5",""
"2009","European Union (25 countries)","From 25 to 74 years","Percentage of active population","Males","7.6",""
"2010","European Union (25 countries)","From 25 to 74 years","Percentage of active population","Males","8.3",""
"2011","European Union (25 countries)","From 25 to 74 years","Percentage of active population","Males","8.1",""
"2012","European Union (25 countries)","From 25 to 74 years","Percentage of active population","Males","9.0",""
"2013","European Union (25 countries)","From 25 to 74 years","Percentage of active population","Males","9.4",""
"2014","European Union (25 countries)","From 25 to 74 years","Percentage of active population","Males","8.8",""
"2015","European Union (25 countries)","From 25 to 74 years","Percentage of active population","Males","8.1",""
"2016","European Union (25 countries)","From 25 to 74 years","Percentage of active population","Males","7.3",""
"2007","Euro area (EA11-2000, EA12-2006, EA13-2007, EA15-2008, EA16-2010, EA17-2013, EA18-2014, EA19)","From 25 to 74 years","Percentage of active population","Males","5.7",""
"2008","Euro area (EA11-2000, EA12-2006, EA13-2007, EA15-2008, EA16-2010, EA17-2013, EA18-2014, EA19)","From 25 to 74 years","Percentage of active population","Males","5.9",""
"2009","Euro area (EA11-2000, EA12-2006, EA13-2007, EA15-2008, EA16-2010, EA17-2013, EA18-2014, EA19)","From 25 to 74 years","Percentage of active population","Males","8.0",""
"2010","Euro area (EA11-2000, EA12-2006, EA13-2007, EA15-2008, EA16-2010, EA17-2013, EA18-2014, EA19)","From 25 to 74 years","Percentage of active population","Males","8.6",""
"2011","Euro area (EA11-2000, EA12-2006, EA13-2007, EA15-2008, EA16-2010, EA17-2013, EA18-2014, EA19)","From 25 to 74 years","Percentage of active population","Males","8.6",""
"2012","Euro area (EA11-2000, EA12-2006, EA13-2007, EA15-2008, EA16-2010, EA17-2013, EA18-2014, EA19)","From 25 to 74 years","Percentage of active population","Males","9.9",""
"2013","Euro area (EA11-2000, EA12-2006, EA13-2007, EA15-2008, EA16-2010, EA17-2013, EA18-2014, EA19)","From 25 to 74 years","Percentage of active population","Males","10.6",""
"2014","Euro area (EA11-2000, EA12-2006, EA13-2007, EA15-2008, EA16-2010, EA17-2013, EA18-2014, EA19)","From 25 to 74 years","Percentage of active population","Males","10.2",""
"2015","Euro area (EA11-2000, EA12-2006, EA13-2007, EA15-2008, EA16-2010, EA17-2013, EA18-2014, EA19)","From 25 to 74 years","Percentage of active population","Males","9.5",""
"2016","Euro area (EA11-2000, EA12-2006, EA13-2007, EA15-2008, EA16-2010, EA17-2013, EA18-2014, EA19)","From 25 to 74 years","Percentage of active population","Males","8.6",""
"2007","Euro area (19 countries)","From 25 to 74 years","Percentage of active population","Males","5.7",""
"2008","Euro area (19 countries)","From 25 to 74 years","Percentage of active population","Males","5.9",""
"2009","Euro area (19 countries)","From 25 to 74 years","Percentage of active population","Males","8.1",""
"2010","Euro area (19 countries)","From 25 to 74 years","Percentage of active population","Males","8.8",""
"2011","Euro area (19 countries)","From 25 to 74 years","Percentage of active population","Males","8.8",""
"2012","Euro area (19 countries)","From 25 to 74 years","Percentage of active population","Males","9.9",""
"2013","Euro area (19 countries)","From 25 to 74 years","Percentage of active population","Males","10.6",""
"2014","Euro area (19 countries)","From 25 to 74 years","Percentage of active population","Males","10.2",""
"2015","Euro area (19 countries)","From 25 to 74 years","Percentage of active population","Males","9.5",""
"2016","Euro area (19 countries)","From 25 to 74 years","Percentage of active population","Males","8.6",""
"2007","Euro area (18 countries)","From 25 to 74 years","Percentage of active population","Males","5.7",""
"2008","Euro area (18 countries)","From 25 to 74 years","Percentage of active population","Males","5.9",""
"2009","Euro area (18 countries)","From 25 to 74 years","Percentage of active population","Males","8.1",""
"2010","Euro area (18 countries)","From 25 to 74 years","Percentage of active population","Males","8.7",""
"2011","Euro area (18 countries)","From 25 to 74 years","Percentage of active population","Males","8.7",""
"2012","Euro area (18 countries)","From 25 to 74 years","Percentage of active population","Males","9.9",""
"2013","Euro area (18 countries)","From 25 to 74 years","Percentage of active population","Males","10.6",""
"2014","Euro area (18 countries)","From 25 to 74 years","Percentage of active population","Males","10.2",""
"2015","Euro area (18 countries)","From 25 to 74 years","Percentage of active population","Males","9.5",""
"2016","Euro area (18 countries)","From 25 to 74 years","Percentage of active population","Males","8.6",""
"2007","Belgium","From 25 to 74 years","Percentage of active population","Males","5.6",""
"2008","Belgium","From 25 to 74 years","Percentage of active population","Males","5.4",""
"2009","Belgium","From 25 to 74 years","Percentage of active population","Males","6.4",""
"2010","Belgium","From 25 to 74 years","Percentage of active population","Males","6.8",""
"2011","Belgium","From 25 to 74 years","Percentage of active population","Males","6.0",""
"2012","Belgium","From 25 to 74 years","Percentage of active population","Males","6.4",""
"2013","Belgium","From 25 to 74 years","Percentage of active population","Males","7.2",""
"2014","Belgium","From 25 to 74 years","Percentage of active population","Males","7.7",""
"2015","Belgium","From 25 to 74 years","Percentage of active population","Males","7.8",""
"2016","Belgium","From 25 to 74 years","Percentage of active population","Males","7.0",""
"2007","Bulgaria","From 25 to 74 years","Percentage of active population","Males","5.8",""
"2008","Bulgaria","From 25 to 74 years","Percentage of active population","Males","4.7",""
"2009","Bulgaria","From 25 to 74 years","Percentage of active population","Males","5.9",""
"2010","Bulgaria","From 25 to 74 years","Percentage of active population","Males","9.7","i"
"2011","Bulgaria","From 25 to 74 years","Percentage of active population","Males","11.0",""
"2012","Bulgaria","From 25 to 74 years","Percentage of active population","Males","12.1",""
"2013","Bulgaria","From 25 to 74 years","Percentage of active population","Males","12.6",""
"2014","Bulgaria","From 25 to 74 years","Percentage of active population","Males","11.5",""
"2015","Bulgaria","From 25 to 74 years","Percentage of active population","Males","9.0",""
"2016","Bulgaria","From 25 to 74 years","Percentage of active population","Males","7.6",""
"2007","Czech Republic","From 25 to 74 years","Percentage of active population","Males","3.6",""
"2008","Czech Republic","From 25 to 74 years","Percentage of active population","Males","2.9",""
"2009","Czech Republic","From 25 to 74 years","Percentage of active population","Males","4.9",""
"2010","Czech Republic","From 25 to 74 years","Percentage of active population","Males","5.4",""
"2011","Czech Republic","From 25 to 74 years","Percentage of active population","Males","4.8",""
"2012","Czech Republic","From 25 to 74 years","Percentage of active population","Males","4.9",""
"2013","Czech Republic","From 25 to 74 years","Percentage of active population","Males","4.9",""
"2014","Czech Republic","From 25 to 74 years","Percentage of active population","Males","4.3",""
"2015","Czech Republic","From 25 to 74 years","Percentage of active population","Males","3.7",""
"2016","Czech Republic","From 25 to 74 years","Percentage of active population","Males","2.9",""
"2007","Denmark","From 25 to 74 years","Percentage of active population","Males","2.7",""
"2008","Denmark","From 25 to 74 years","Percentage of active population","Males","2.4",""
"2009","Denmark","From 25 to 74 years","Percentage of active population","Males","5.4",""
"2010","Denmark","From 25 to 74 years","Percentage of active population","Males","7.0",""
"2011","Denmark","From 25 to 74 years","Percentage of active population","Males","6.2",""
"2012","Denmark","From 25 to 74 years","Percentage of active population","Males","6.2",""
"2013","Denmark","From 25 to 74 years","Percentage of active population","Males","5.5",""
"2014","Denmark","From 25 to 74 years","Percentage of active population","Males","5.1",""
"2015","Denmark","From 25 to 74 years","Percentage of active population","Males","4.9",""
"2016","Denmark","From 25 to 74 years","Percentage of active population","Males","4.5",""
"2007","Germany (until 1990 former territory of the FRG)","From 25 to 74 years","Percentage of active population","Males","7.9",""
"2008","Germany (until 1990 former territory of the FRG)","From 25 to 74 years","Percentage of active population","Males","6.8",""
"2009","Germany (until 1990 former territory of the FRG)","From 25 to 74 years","Percentage of active population","Males","7.4",""
"2010","Germany (until 1990 former territory of the FRG)","From 25 to 74 years","Percentage of active population","Males","7.0",""
"2011","Germany (until 1990 former territory of the FRG)","From 25 to 74 years","Percentage of active population","Males","5.7",""
"2012","Germany (until 1990 former territory of the FRG)","From 25 to 74 years","Percentage of active population","Males","5.2",""
"2013","Germany (until 1990 former territory of the FRG)","From 25 to 74 years","Percentage of active population","Males","5.2",""
"2014","Germany (until 1990 former territory of the FRG)","From 25 to 74 years","Percentage of active population","Males","5.0",""
"2015","Germany (until 1990 former territory of the FRG)","From 25 to 74 years","Percentage of active population","Males","4.7",""
"2016","Germany (until 1990 former territory of the FRG)","From 25 to 74 years","Percentage of active population","Males","4.1",""
"2007","Estonia","From 25 to 74 years","Percentage of active population","Males","4.4",""
"2008","Estonia","From 25 to 74 years","Percentage of active population","Males","4.8","i"
"2009","Estonia","From 25 to 74 years","Percentage of active population","Males","14.7",""
"2010","Estonia","From 25 to 74 years","Percentage of active population","Males","17.3",""
"2011","Estonia","From 25 to 74 years","Percentage of active population","Males","11.8",""
"2012","Estonia","From 25 to 74 years","Percentage of active population","Males","9.5",""
"2013","Estonia","From 25 to 74 years","Percentage of active population","Males","8.2",""
"2014","Estonia","From 25 to 74 years","Percentage of active population","Males","6.8",""
"2015","Estonia","From 25 to 74 years","Percentage of active population","Males","5.5",""
"2016","Estonia","From 25 to 74 years","Percentage of active population","Males","6.6",""
"2007","Ireland","From 25 to 74 years","Percentage of active population","Males","4.1",""
"2008","Ireland","From 25 to 74 years","Percentage of active population","Males","6.1",""
"2009","Ireland","From 25 to 74 years","Percentage of active population","Males","12.7",""
"2010","Ireland","From 25 to 74 years","Percentage of active population","Males","15.0",""
"2011","Ireland","From 25 to 74 years","Percentage of active population","Males","15.8",""
"2012","Ireland","From 25 to 74 years","Percentage of active population","Males","15.7",""
"2013","Ireland","From 25 to 74 years","Percentage of active population","Males","13.5",""
"2014","Ireland","From 25 to 74 years","Percentage of active population","Males","11.6",""
"2015","Ireland","From 25 to 74 years","Percentage of active population","Males","9.7",""
"2016","Ireland","From 25 to 74 years","Percentage of active population","Males","8.1",""
"2007","Greece","From 25 to 74 years","Percentage of active population","Males","4.4",""
"2008","Greece","From 25 to 74 years","Percentage of active population","Males","4.2",""
"2009","Greece","From 25 to 74 years","Percentage of active population","Males","6.0",""
"2010","Greece","From 25 to 74 years","Percentage of active population","Males","8.9",""
"2011","Greece","From 25 to 74 years","Percentage of active population","Males","13.5",""
"2012","Greece","From 25 to 74 years","Percentage of active population","Males","19.8",""
"2013","Greece","From 25 to 74 years","Percentage of active population","Males","22.5",""
"2014","Greece","From 25 to 74 years","Percentage of active population","Males","22.1",""
"2015","Greece","From 25 to 74 years","Percentage of active population","Males","20.4",""
"2016","Greece","From 25 to 74 years","Percentage of active population","Males","18.5",""
"2007","Spain","From 25 to 74 years","Percentage of active population","Males","5.4",""
"2008","Spain","From 25 to 74 years","Percentage of active population","Males","8.5",""
"2009","Spain","From 25 to 74 years","Percentage of active population","Males","15.4",""
"2010","Spain","From 25 to 74 years","Percentage of active population","Males","17.4",""
"2011","Spain","From 25 to 74 years","Percentage of active population","Males","18.7",""
"2012","Spain","From 25 to 74 years","Percentage of active population","Males","22.2",""
"2013","Spain","From 25 to 74 years","Percentage of active population","Males","23.2",""
"2014","Spain","From 25 to 74 years","Percentage of active population","Males","21.4",""
"2015","Spain","From 25 to 74 years","Percentage of active population","Males","18.8",""
"2016","Spain","From 25 to 74 years","Percentage of active population","Males","16.3",""
"2007","France","From 25 to 74 years","Percentage of active population","Males","6.2",""
"2008","France","From 25 to 74 years","Percentage of active population","Males","5.6",""
"2009","France","From 25 to 74 years","Percentage of active population","Males","7.1",""
"2010","France","From 25 to 74 years","Percentage of active population","Males","7.4",""
"2011","France","From 25 to 74 years","Percentage of active population","Males","7.3",""
"2012","France","From 25 to 74 years","Percentage of active population","Males","8.1",""
"2013","France","From 25 to 74 years","Percentage of active population","Males","8.8",""
"2014","France","From 25 to 74 years","Percentage of active population","Males","8.9",""
"2015","France","From 25 to 74 years","Percentage of active population","Males","9.2",""
"2016","France","From 25 to 74 years","Percentage of active population","Males","8.6",""
"2007","Croatia","From 25 to 74 years","Percentage of active population","Males","7.1",""
"2008","Croatia","From 25 to 74 years","Percentage of active population","Males","5.5",""
"2009","Croatia","From 25 to 74 years","Percentage of active population","Males","6.2",""
"2010","Croatia","From 25 to 74 years","Percentage of active population","Males","8.9",""
"2011","Croatia","From 25 to 74 years","Percentage of active population","Males","11.2",""
"2012","Croatia","From 25 to 74 years","Percentage of active population","Males","13.2",""
"2013","Croatia","From 25 to 74 years","Percentage of active population","Males","14.5",""
"2014","Croatia","From 25 to 74 years","Percentage of active population","Males","13.6",""
"2015","Croatia","From 25 to 74 years","Percentage of active population","Males","13.0",""
"2016","Croatia","From 25 to 74 years","Percentage of active population","Males","10.6",""
"2007","Italy","From 25 to 74 years","Percentage of active population","Males","3.8",""
"2008","Italy","From 25 to 74 years","Percentage of active population","Males","4.4",""
"2009","Italy","From 25 to 74 years","Percentage of active population","Males","5.5",""
"2010","Italy","From 25 to 74 years","Percentage of active population","Males","6.0",""
"2011","Italy","From 25 to 74 years","Percentage of active population","Males","6.1",""
"2012","Italy","From 25 to 74 years","Percentage of active population","Males","8.0",""
"2013","Italy","From 25 to 74 years","Percentage of active population","Males","9.6",""
"2014","Italy","From 25 to 74 years","Percentage of active population","Males","9.8",""
"2015","Italy","From 25 to 74 years","Percentage of active population","Males","9.5",""
"2016","Italy","From 25 to 74 years","Percentage of active population","Males","9.2",""
"2007","Cyprus","From 25 to 74 years","Percentage of active population","Males","2.7",""
"2008","Cyprus","From 25 to 74 years","Percentage of active population","Males","2.7",""
"2009","Cyprus","From 25 to 74 years","Percentage of active population","Males","4.4",""
"2010","Cyprus","From 25 to 74 years","Percentage of active population","Males","5.2",""
"2011","Cyprus","From 25 to 74 years","Percentage of active population","Males","6.6",""
"2012","Cyprus","From 25 to 74 years","Percentage of active population","Males","10.9",""
"2013","Cyprus","From 25 to 74 years","Percentage of active population","Males","14.2",""
"2014","Cyprus","From 25 to 74 years","Percentage of active population","Males","15.1",""
"2015","Cyprus","From 25 to 74 years","Percentage of active population","Males","13.4",""
"2016","Cyprus","From 25 to 74 years","Percentage of active population","Males","11.6",""
"2007","Latvia","From 25 to 74 years","Percentage of active population","Males","5.7",""
"2008","Latvia","From 25 to 74 years","Percentage of active population","Males","7.4",""
"2009","Latvia","From 25 to 74 years","Percentage of active population","Males","18.5",""
"2010","Latvia","From 25 to 74 years","Percentage of active population","Males","20.7",""
"2011","Latvia","From 25 to 74 years","Percentage of active population","Males","17.0",""
"2012","Latvia","From 25 to 74 years","Percentage of active population","Males","14.7",""
"2013","Latvia","From 25 to 74 years","Percentage of active population","Males","11.5",""
"2014","Latvia","From 25 to 74 years","Percentage of active population","Males","11.0",""
"2015","Latvia","From 25 to 74 years","Percentage of active population","Males","10.4",""
"2016","Latvia","From 25 to 74 years","Percentage of active population","Males","9.9",""
"2007","Lithuania","From 25 to 74 years","Percentage of active population","Males","3.9",""
"2008","Lithuania","From 25 to 74 years","Percentage of active population","Males","5.2",""
"2009","Lithuania","From 25 to 74 years","Percentage of active population","Males","15.0",""
"2010","Lithuania","From 25 to 74 years","Percentage of active population","Males","19.3",""
"2011","Lithuania","From 25 to 74 years","Percentage of active population","Males","16.2",""
"2012","Lithuania","From 25 to 74 years","Percentage of active population","Males","13.7",""
"2013","Lithuania","From 25 to 74 years","Percentage of active population","Males","12.0",""
"2014","Lithuania","From 25 to 74 years","Percentage of active population","Males","11.4",""
"2015","Lithuania","From 25 to 74 years","Percentage of active population","Males","9.5",""
"2016","Lithuania","From 25 to 74 years","Percentage of active population","Males","8.4",""
"2007","Luxembourg","From 25 to 74 years","Percentage of active population","Males","2.6",""
"2008","Luxembourg","From 25 to 74 years","Percentage of active population","Males","3.4",""
"2009","Luxembourg","From 25 to 74 years","Percentage of active population","Males","3.6",""
"2010","Luxembourg","From 25 to 74 years","Percentage of active population","Males","3.0",""
"2011","Luxembourg","From 25 to 74 years","Percentage of active population","Males","3.2",""
"2012","Luxembourg","From 25 to 74 years","Percentage of active population","Males","3.6",""
"2013","Luxembourg","From 25 to 74 years","Percentage of active population","Males","4.7",""
"2014","Luxembourg","From 25 to 74 years","Percentage of active population","Males","4.5",""
"2015","Luxembourg","From 25 to 74 years","Percentage of active population","Males","4.8",""
"2016","Luxembourg","From 25 to 74 years","Percentage of active population","Males","5.0",""
"2007","Hungary","From 25 to 74 years","Percentage of active population","Males","6.2",""
"2008","Hungary","From 25 to 74 years","Percentage of active population","Males","6.7","i"
"2009","Hungary","From 25 to 74 years","Percentage of active population","Males","8.8",""
"2010","Hungary","From 25 to 74 years","Percentage of active population","Males","10.3",""
"2011","Hungary","From 25 to 74 years","Percentage of active population","Males","9.8",""
"2012","Hungary","From 25 to 74 years","Percentage of active population","Males","10.0",""
"2013","Hungary","From 25 to 74 years","Percentage of active population","Males","8.9",""
"2014","Hungary","From 25 to 74 years","Percentage of active population","Males","6.5",""
"2015","Hungary","From 25 to 74 years","Percentage of active population","Males","5.6",""
"2016","Hungary","From 25 to 74 years","Percentage of active population","Males","4.4",""
"2007","Malta","From 25 to 74 years","Percentage of active population","Males","4.2",""
"2008","Malta","From 25 to 74 years","Percentage of active population","Males","4.3",""
"2009","Malta","From 25 to 74 years","Percentage of active population","Males","4.9",""
"2010","Malta","From 25 to 74 years","Percentage of active population","Males","5.5",""
"2011","Malta","From 25 to 74 years","Percentage of active population","Males","4.7",""
"2012","Malta","From 25 to 74 years","Percentage of active population","Males","4.5",""
"2013","Malta","From 25 to 74 years","Percentage of active population","Males","5.1",""
"2014","Malta","From 25 to 74 years","Percentage of active population","Males","5.0",""
"2015","Malta","From 25 to 74 years","Percentage of active population","Males","4.4",""
"2016","Malta","From 25 to 74 years","Percentage of active population","Males","3.5",""
"2007","Netherlands","From 25 to 74 years","Percentage of active population","Males","2.2",""
"2008","Netherlands","From 25 to 74 years","Percentage of active population","Males","1.9",""
"2009","Netherlands","From 25 to 74 years","Percentage of active population","Males","2.6",""
"2010","Netherlands","From 25 to 74 years","Percentage of active population","Males","3.2",""
"2011","Netherlands","From 25 to 74 years","Percentage of active population","Males","3.6",""
"2012","Netherlands","From 25 to 74 years","Percentage of active population","Males","4.4",""
"2013","Netherlands","From 25 to 74 years","Percentage of active population","Males","6.1",""
"2014","Netherlands","From 25 to 74 years","Percentage of active population","Males","6.3",""
"2015","Netherlands","From 25 to 74 years","Percentage of active population","Males","5.7",""
"2016","Netherlands","From 25 to 74 years","Percentage of active population","Males","4.6",""
"2007","Austria","From 25 to 74 years","Percentage of active population","Males","3.7",""
"2008","Austria","From 25 to 74 years","Percentage of active population","Males","3.2",""
"2009","Austria","From 25 to 74 years","Percentage of active population","Males","4.6",""
"2010","Austria","From 25 to 74 years","Percentage of active population","Males","4.3",""
"2011","Austria","From 25 to 74 years","Percentage of active population","Males","3.9",""
"2012","Austria","From 25 to 74 years","Percentage of active population","Males","4.2",""
"2013","Austria","From 25 to 74 years","Percentage of active population","Males","4.8",""
"2014","Austria","From 25 to 74 years","Percentage of active population","Males","5.2",""
"2015","Austria","From 25 to 74 years","Percentage of active population","Males","5.4",""
"2016","Austria","From 25 to 74 years","Percentage of active population","Males","5.6",""
"2007","Poland","From 25 to 74 years","Percentage of active population","Males","7.6",""
"2008","Poland","From 25 to 74 years","Percentage of active population","Males","5.3",""
"2009","Poland","From 25 to 74 years","Percentage of active population","Males","6.3","i"
"2010","Poland","From 25 to 74 years","Percentage of active population","Males","7.8",""
"2011","Poland","From 25 to 74 years","Percentage of active population","Males","7.4",""
"2012","Poland","From 25 to 74 years","Percentage of active population","Males","7.9",""
"2013","Poland","From 25 to 74 years","Percentage of active population","Males","8.1",""
"2014","Poland","From 25 to 74 years","Percentage of active population","Males","7.1",""
"2015","Poland","From 25 to 74 years","Percentage of active population","Males","6.1",""
"2016","Poland","From 25 to 74 years","Percentage of active population","Males","5.1",""
"2007","Portugal","From 25 to 74 years","Percentage of active population","Males","7.5",""
"2008","Portugal","From 25 to 74 years","Percentage of active population","Males","7.5",""
"2009","Portugal","From 25 to 74 years","Percentage of active population","Males","9.6",""
"2010","Portugal","From 25 to 74 years","Percentage of active population","Males","10.4",""
"2011","Portugal","From 25 to 74 years","Percentage of active population","Males","11.0",""
"2012","Portugal","From 25 to 74 years","Percentage of active population","Males","14.0",""
"2013","Portugal","From 25 to 74 years","Percentage of active population","Males","14.6",""
"2014","Portugal","From 25 to 74 years","Percentage of active population","Males","12.2",""
"2015","Portugal","From 25 to 74 years","Percentage of active population","Males","11.1",""
"2016","Portugal","From 25 to 74 years","Percentage of active population","Males","9.8",""
"2007","Romania","From 25 to 74 years","Percentage of active population","Males","5.6",""
"2008","Romania","From 25 to 74 years","Percentage of active population","Males","5.2",""
"2009","Romania","From 25 to 74 years","Percentage of active population","Males","6.0",""
"2010","Romania","From 25 to 74 years","Percentage of active population","Males","6.1",""
"2011","Romania","From 25 to 74 years","Percentage of active population","Males","6.2",""
"2012","Romania","From 25 to 74 years","Percentage of active population","Males","6.0",""
"2013","Romania","From 25 to 74 years","Percentage of active population","Males","6.3",""
"2014","Romania","From 25 to 74 years","Percentage of active population","Males","6.0",""
"2015","Romania","From 25 to 74 years","Percentage of active population","Males","6.4",""
"2016","Romania","From 25 to 74 years","Percentage of active population","Males","5.5",""
"2007","Slovenia","From 25 to 74 years","Percentage of active population","Males","3.3",""
"2008","Slovenia","From 25 to 74 years","Percentage of active population","Males","3.2",""
"2009","Slovenia","From 25 to 74 years","Percentage of active population","Males","5.0",""
"2010","Slovenia","From 25 to 74 years","Percentage of active population","Males","6.6",""
"2011","Slovenia","From 25 to 74 years","Percentage of active population","Males","7.5",""
"2012","Slovenia","From 25 to 74 years","Percentage of active population","Males","7.3",""
"2013","Slovenia","From 25 to 74 years","Percentage of active population","Males","8.6",""
"2014","Slovenia","From 25 to 74 years","Percentage of active population","Males","8.2",""
"2015","Slovenia","From 25 to 74 years","Percentage of active population","Males","7.3",""
"2016","Slovenia","From 25 to 74 years","Percentage of active population","Males","6.9",""
"2007","Slovakia","From 25 to 74 years","Percentage of active population","Males","8.6",""
"2008","Slovakia","From 25 to 74 years","Percentage of active population","Males","7.2",""
"2009","Slovakia","From 25 to 74 years","Percentage of active population","Males","9.6",""
"2010","Slovakia","From 25 to 74 years","Percentage of active population","Males","12.1",""
"2011","Slovakia","From 25 to 74 years","Percentage of active population","Males","11.6","i"
"2012","Slovakia","From 25 to 74 years","Percentage of active population","Males","11.4",""
"2013","Slovakia","From 25 to 74 years","Percentage of active population","Males","11.9",""
"2014","Slovakia","From 25 to 74 years","Percentage of active population","Males","11.2",""
"2015","Slovakia","From 25 to 74 years","Percentage of active population","Males","8.9",""
"2016","Slovakia","From 25 to 74 years","Percentage of active population","Males","7.7",""
"2007","Finland","From 25 to 74 years","Percentage of active population","Males","5.2",""
"2008","Finland","From 25 to 74 years","Percentage of active population","Males","4.6",""
"2009","Finland","From 25 to 74 years","Percentage of active population","Males","6.9",""
"2010","Finland","From 25 to 74 years","Percentage of active population","Males","7.2",""
"2011","Finland","From 25 to 74 years","Percentage of active population","Males","6.7",""
"2012","Finland","From 25 to 74 years","Percentage of active population","Males","6.7",""
"2013","Finland","From 25 to 74 years","Percentage of active population","Males","7.0",""
"2014","Finland","From 25 to 74 years","Percentage of active population","Males","7.5",""
"2015","Finland","From 25 to 74 years","Percentage of active population","Males","7.9",""
"2016","Finland","From 25 to 74 years","Percentage of active population","Males","7.4",""
"2007","Sweden","From 25 to 74 years","Percentage of active population","Males","4.1",""
"2008","Sweden","From 25 to 74 years","Percentage of active population","Males","3.9",""
"2009","Sweden","From 25 to 74 years","Percentage of active population","Males","6.1",""
"2010","Sweden","From 25 to 74 years","Percentage of active population","Males","6.2",""
"2011","Sweden","From 25 to 74 years","Percentage of active population","Males","5.6",""
"2012","Sweden","From 25 to 74 years","Percentage of active population","Males","5.8",""
"2013","Sweden","From 25 to 74 years","Percentage of active population","Males","5.8",""
"2014","Sweden","From 25 to 74 years","Percentage of active population","Males","5.9",""
"2015","Sweden","From 25 to 74 years","Percentage of active population","Males","5.7",""
"2016","Sweden","From 25 to 74 years","Percentage of active population","Males","5.5",""
"2007","United Kingdom","From 25 to 74 years","Percentage of active population","Males","3.7",""
"2008","United Kingdom","From 25 to 74 years","Percentage of active population","Males","4.2",""
"2009","United Kingdom","From 25 to 74 years","Percentage of active population","Males","6.3",""
"2010","United Kingdom","From 25 to 74 years","Percentage of active population","Males","6.4",""
"2011","United Kingdom","From 25 to 74 years","Percentage of active population","Males","6.2",""
"2012","United Kingdom","From 25 to 74 years","Percentage of active population","Males","5.8",""
"2013","United Kingdom","From 25 to 74 years","Percentage of active population","Males","5.6",""
"2014","United Kingdom","From 25 to 74 years","Percentage of active population","Males","4.4",""
"2015","United Kingdom","From 25 to 74 years","Percentage of active population","Males","3.8",""
"2016","United Kingdom","From 25 to 74 years","Percentage of active population","Males","3.5",""
"2007","Iceland","From 25 to 74 years","Percentage of active population","Males","1.2",""
"2008","Iceland","From 25 to 74 years","Percentage of active population","Males","2.2",""
"2009","Iceland","From 25 to 74 years","Percentage of active population","Males","6.5",""
"2010","Iceland","From 25 to 74 years","Percentage of active population","Males","6.5",""
"2011","Iceland","From 25 to 74 years","Percentage of active population","Males","5.8",""
"2012","Iceland","From 25 to 74 years","Percentage of active population","Males","4.7",""
"2013","Iceland","From 25 to 74 years","Percentage of active population","Males","4.1",""
"2014","Iceland","From 25 to 74 years","Percentage of active population","Males","3.5",""
"2015","Iceland","From 25 to 74 years","Percentage of active population","Males","2.6",""
"2016","Iceland","From 25 to 74 years","Percentage of active population","Males","2.2",""
"2007","Norway","From 25 to 74 years","Percentage of active population","Males","1.7",""
"2008","Norway","From 25 to 74 years","Percentage of active population","Males","1.9",""
"2009","Norway","From 25 to 74 years","Percentage of active population","Males","2.6",""
"2010","Norway","From 25 to 74 years","Percentage of active population","Males","3.0",""
"2011","Norway","From 25 to 74 years","Percentage of active population","Males","2.6",""
"2012","Norway","From 25 to 74 years","Percentage of active population","Males","2.6",""
"2013","Norway","From 25 to 74 years","Percentage of active population","Males","2.6",""
"2014","Norway","From 25 to 74 years","Percentage of active population","Males","2.9",""
"2015","Norway","From 25 to 74 years","Percentage of active population","Males","3.7",""
"2016","Norway","From 25 to 74 years","Percentage of active population","Males","4.3",""
"2007","Turkey","From 25 to 74 years","Percentage of active population","Males",":",""
"2008","Turkey","From 25 to 74 years","Percentage of active population","Males",":",""
"2009","Turkey","From 25 to 74 years","Percentage of active population","Males",":",""
"2010","Turkey","From 25 to 74 years","Percentage of active population","Males",":",""
"2011","Turkey","From 25 to 74 years","Percentage of active population","Males",":",""
"2012","Turkey","From 25 to 74 years","Percentage of active population","Males",":",""
"2013","Turkey","From 25 to 74 years","Percentage of active population","Males",":",""
"2014","Turkey","From 25 to 74 years","Percentage of active population","Males",":",""
"2015","Turkey","From 25 to 74 years","Percentage of active population","Males",":",""
"2016","Turkey","From 25 to 74 years","Percentage of active population","Males",":",""
"2007","United States","From 25 to 74 years","Percentage of active population","Males","3.6",""
"2008","United States","From 25 to 74 years","Percentage of active population","Males","4.8",""
"2009","United States","From 25 to 74 years","Percentage of active population","Males","8.8",""
"2010","United States","From 25 to 74 years","Percentage of active population","Males","8.9",""
"2011","United States","From 25 to 74 years","Percentage of active population","Males","7.9",""
"2012","United States","From 25 to 74 years","Percentage of active population","Males","6.8",""
"2013","United States","From 25 to 74 years","Percentage of active population","Males","6.2",""
"2014","United States","From 25 to 74 years","Percentage of active population","Males","5.0",""
"2015","United States","From 25 to 74 years","Percentage of active population","Males","4.3",""
"2016","United States","From 25 to 74 years","Percentage of active population","Males","4.0",""
"2007","Japan","From 25 to 74 years","Percentage of active population","Males","3.5",""
"2008","Japan","From 25 to 74 years","Percentage of active population","Males","3.8",""
"2009","Japan","From 25 to 74 years","Percentage of active population","Males","4.9",""
"2010","Japan","From 25 to 74 years","Percentage of active population","Males","5.0",""
"2011","Japan","From 25 to 74 years","Percentage of active population","Males","4.5","b"
"2012","Japan","From 25 to 74 years","Percentage of active population","Males","4.2",""
"2013","Japan","From 25 to 74 years","Percentage of active population","Males","4.1",""
"2014","Japan","From 25 to 74 years","Percentage of active population","Males","3.5",""
"2015","Japan","From 25 to 74 years","Percentage of active population","Males","3.4",""
"2016","Japan","From 25 to 74 years","Percentage of active population","Males","3.1",""
