"TIME","GEO","AGE","UNIT","SEX","Value","Flag and Footnotes"
"2007","European Union (28 countries)","Total","Percentage of total population","Total","4.5",""
"2008","European Union (28 countries)","Total","Percentage of total population","Total","4.4",""
"2009","European Union (28 countries)","Total","Percentage of total population","Total","5.6",""
"2010","European Union (28 countries)","Total","Percentage of total population","Total","6.0",""
"2011","European Union (28 countries)","Total","Percentage of total population","Total","6.1",""
"2012","European Union (28 countries)","Total","Percentage of total population","Total","6.7",""
"2013","European Union (28 countries)","Total","Percentage of total population","Total","6.9",""
"2014","European Union (28 countries)","Total","Percentage of total population","Total","6.5",""
"2015","European Union (28 countries)","Total","Percentage of total population","Total","6.0",""
"2016","European Union (28 countries)","Total","Percentage of total population","Total","5.5",""
"2007","European Union (27 countries)","Total","Percentage of total population","Total","4.5",""
"2008","European Union (27 countries)","Total","Percentage of total population","Total","4.4",""
"2009","European Union (27 countries)","Total","Percentage of total population","Total","5.6",""
"2010","European Union (27 countries)","Total","Percentage of total population","Total","6.0",""
"2011","European Union (27 countries)","Total","Percentage of total population","Total","6.1",""
"2012","European Union (27 countries)","Total","Percentage of total population","Total","6.6",""
"2013","European Union (27 countries)","Total","Percentage of total population","Total","6.9",""
"2014","European Union (27 countries)","Total","Percentage of total population","Total","6.5",""
"2015","European Union (27 countries)","Total","Percentage of total population","Total","6.0",""
"2016","European Union (27 countries)","Total","Percentage of total population","Total","5.5",""
"2007","European Union (25 countries)","Total","Percentage of total population","Total","4.5",""
"2008","European Union (25 countries)","Total","Percentage of total population","Total","4.5",""
"2009","European Union (25 countries)","Total","Percentage of total population","Total","5.7",""
"2010","European Union (25 countries)","Total","Percentage of total population","Total","6.1",""
"2011","European Union (25 countries)","Total","Percentage of total population","Total","6.2",""
"2012","European Union (25 countries)","Total","Percentage of total population","Total","6.7",""
"2013","European Union (25 countries)","Total","Percentage of total population","Total","7.0",""
"2014","European Union (25 countries)","Total","Percentage of total population","Total","6.6",""
"2015","European Union (25 countries)","Total","Percentage of total population","Total","6.1",""
"2016","European Union (25 countries)","Total","Percentage of total population","Total","5.6",""
"2007","Euro area (EA11-2000, EA12-2006, EA13-2007, EA15-2008, EA16-2010, EA17-2013, EA18-2014, EA19)","Total","Percentage of total population","Total","4.6",""
"2008","Euro area (EA11-2000, EA12-2006, EA13-2007, EA15-2008, EA16-2010, EA17-2013, EA18-2014, EA19)","Total","Percentage of total population","Total","4.7",""
"2009","Euro area (EA11-2000, EA12-2006, EA13-2007, EA15-2008, EA16-2010, EA17-2013, EA18-2014, EA19)","Total","Percentage of total population","Total","5.9",""
"2010","Euro area (EA11-2000, EA12-2006, EA13-2007, EA15-2008, EA16-2010, EA17-2013, EA18-2014, EA19)","Total","Percentage of total population","Total","6.3",""
"2011","Euro area (EA11-2000, EA12-2006, EA13-2007, EA15-2008, EA16-2010, EA17-2013, EA18-2014, EA19)","Total","Percentage of total population","Total","6.3",""
"2012","Euro area (EA11-2000, EA12-2006, EA13-2007, EA15-2008, EA16-2010, EA17-2013, EA18-2014, EA19)","Total","Percentage of total population","Total","7.2",""
"2013","Euro area (EA11-2000, EA12-2006, EA13-2007, EA15-2008, EA16-2010, EA17-2013, EA18-2014, EA19)","Total","Percentage of total population","Total","7.6",""
"2014","Euro area (EA11-2000, EA12-2006, EA13-2007, EA15-2008, EA16-2010, EA17-2013, EA18-2014, EA19)","Total","Percentage of total population","Total","7.4",""
"2015","Euro area (EA11-2000, EA12-2006, EA13-2007, EA15-2008, EA16-2010, EA17-2013, EA18-2014, EA19)","Total","Percentage of total population","Total","6.9",""
"2016","Euro area (EA11-2000, EA12-2006, EA13-2007, EA15-2008, EA16-2010, EA17-2013, EA18-2014, EA19)","Total","Percentage of total population","Total","6.4",""
"2007","Euro area (19 countries)","Total","Percentage of total population","Total","4.6",""
"2008","Euro area (19 countries)","Total","Percentage of total population","Total","4.7",""
"2009","Euro area (19 countries)","Total","Percentage of total population","Total","6.0",""
"2010","Euro area (19 countries)","Total","Percentage of total population","Total","6.4",""
"2011","Euro area (19 countries)","Total","Percentage of total population","Total","6.4",""
"2012","Euro area (19 countries)","Total","Percentage of total population","Total","7.2",""
"2013","Euro area (19 countries)","Total","Percentage of total population","Total","7.6",""
"2014","Euro area (19 countries)","Total","Percentage of total population","Total","7.4",""
"2015","Euro area (19 countries)","Total","Percentage of total population","Total","6.9",""
"2016","Euro area (19 countries)","Total","Percentage of total population","Total","6.4",""
"2007","Euro area (18 countries)","Total","Percentage of total population","Total","4.7",""
"2008","Euro area (18 countries)","Total","Percentage of total population","Total","4.7",""
"2009","Euro area (18 countries)","Total","Percentage of total population","Total","6.0",""
"2010","Euro area (18 countries)","Total","Percentage of total population","Total","6.3",""
"2011","Euro area (18 countries)","Total","Percentage of total population","Total","6.4",""
"2012","Euro area (18 countries)","Total","Percentage of total population","Total","7.2",""
"2013","Euro area (18 countries)","Total","Percentage of total population","Total","7.6",""
"2014","Euro area (18 countries)","Total","Percentage of total population","Total","7.4",""
"2015","Euro area (18 countries)","Total","Percentage of total population","Total","6.9",""
"2016","Euro area (18 countries)","Total","Percentage of total population","Total","6.4",""
"2007","Belgium","Total","Percentage of total population","Total","4.5",""
"2008","Belgium","Total","Percentage of total population","Total","4.2",""
"2009","Belgium","Total","Percentage of total population","Total","4.7",""
"2010","Belgium","Total","Percentage of total population","Total","5.0",""
"2011","Belgium","Total","Percentage of total population","Total","4.2",""
"2012","Belgium","Total","Percentage of total population","Total","4.5",""
"2013","Belgium","Total","Percentage of total population","Total","5.1",""
"2014","Belgium","Total","Percentage of total population","Total","5.1",""
"2015","Belgium","Total","Percentage of total population","Total","5.1",""
"2016","Belgium","Total","Percentage of total population","Total","4.7",""
"2007","Bulgaria","Total","Percentage of total population","Total","4.0",""
"2008","Bulgaria","Total","Percentage of total population","Total","3.4",""
"2009","Bulgaria","Total","Percentage of total population","Total","4.0",""
"2010","Bulgaria","Total","Percentage of total population","Total","6.0","i"
"2011","Bulgaria","Total","Percentage of total population","Total","6.5",""
"2012","Bulgaria","Total","Percentage of total population","Total","7.2",""
"2013","Bulgaria","Total","Percentage of total population","Total","7.7",""
"2014","Bulgaria","Total","Percentage of total population","Total","6.9",""
"2015","Bulgaria","Total","Percentage of total population","Total","5.5",""
"2016","Bulgaria","Total","Percentage of total population","Total","4.5",""
"2007","Czech Republic","Total","Percentage of total population","Total","3.4",""
"2008","Czech Republic","Total","Percentage of total population","Total","2.8",""
"2009","Czech Republic","Total","Percentage of total population","Total","4.2",""
"2010","Czech Republic","Total","Percentage of total population","Total","4.6",""
"2011","Czech Republic","Total","Percentage of total population","Total","4.2",""
"2012","Czech Republic","Total","Percentage of total population","Total","4.4",""
"2013","Czech Republic","Total","Percentage of total population","Total","4.5",""
"2014","Czech Republic","Total","Percentage of total population","Total","3.9",""
"2015","Czech Republic","Total","Percentage of total population","Total","3.3",""
"2016","Czech Republic","Total","Percentage of total population","Total","2.6",""
"2007","Denmark","Total","Percentage of total population","Total","2.7",""
"2008","Denmark","Total","Percentage of total population","Total","2.5",""
"2009","Denmark","Total","Percentage of total population","Total","4.3",""
"2010","Denmark","Total","Percentage of total population","Total","5.3",""
"2011","Denmark","Total","Percentage of total population","Total","5.3",""
"2012","Denmark","Total","Percentage of total population","Total","5.2",""
"2013","Denmark","Total","Percentage of total population","Total","4.8",""
"2014","Denmark","Total","Percentage of total population","Total","4.5",""
"2015","Denmark","Total","Percentage of total population","Total","4.2",""
"2016","Denmark","Total","Percentage of total population","Total","4.3",""
"2007","Germany (until 1990 former territory of the FRG)","Total","Percentage of total population","Total","5.6",""
"2008","Germany (until 1990 former territory of the FRG)","Total","Percentage of total population","Total","4.9",""
"2009","Germany (until 1990 former territory of the FRG)","Total","Percentage of total population","Total","5.1",""
"2010","Germany (until 1990 former territory of the FRG)","Total","Percentage of total population","Total","4.6",""
"2011","Germany (until 1990 former territory of the FRG)","Total","Percentage of total population","Total","3.9",""
"2012","Germany (until 1990 former territory of the FRG)","Total","Percentage of total population","Total","3.6",""
"2013","Germany (until 1990 former territory of the FRG)","Total","Percentage of total population","Total","3.6",""
"2014","Germany (until 1990 former territory of the FRG)","Total","Percentage of total population","Total","3.4",""
"2015","Germany (until 1990 former territory of the FRG)","Total","Percentage of total population","Total","3.2",""
"2016","Germany (until 1990 former territory of the FRG)","Total","Percentage of total population","Total","2.9",""
"2007","Estonia","Total","Percentage of total population","Total","3.0",""
"2008","Estonia","Total","Percentage of total population","Total","3.7","i"
"2009","Estonia","Total","Percentage of total population","Total","9.0",""
"2010","Estonia","Total","Percentage of total population","Total","11.1",""
"2011","Estonia","Total","Percentage of total population","Total","8.3",""
"2012","Estonia","Total","Percentage of total population","Total","6.8",""
"2013","Estonia","Total","Percentage of total population","Total","5.9",""
"2014","Estonia","Total","Percentage of total population","Total","5.0",""
"2015","Estonia","Total","Percentage of total population","Total","4.3",""
"2016","Estonia","Total","Percentage of total population","Total","4.8",""
"2007","Ireland","Total","Percentage of total population","Total","3.2",""
"2008","Ireland","Total","Percentage of total population","Total","4.3",""
"2009","Ireland","Total","Percentage of total population","Total","7.9",""
"2010","Ireland","Total","Percentage of total population","Total","9.0",""
"2011","Ireland","Total","Percentage of total population","Total","9.4",""
"2012","Ireland","Total","Percentage of total population","Total","9.4",""
"2013","Ireland","Total","Percentage of total population","Total","8.4",""
"2014","Ireland","Total","Percentage of total population","Total","7.3",""
"2015","Ireland","Total","Percentage of total population","Total","6.1",""
"2016","Ireland","Total","Percentage of total population","Total","5.1",""
"2007","Greece","Total","Percentage of total population","Total","4.9",""
"2008","Greece","Total","Percentage of total population","Total","4.6",""
"2009","Greece","Total","Percentage of total population","Total","5.7",""
"2010","Greece","Total","Percentage of total population","Total","7.6",""
"2011","Greece","Total","Percentage of total population","Total","10.6",""
"2012","Greece","Total","Percentage of total population","Total","14.5",""
"2013","Greece","Total","Percentage of total population","Total","16.3",""
"2014","Greece","Total","Percentage of total population","Total","15.7",""
"2015","Greece","Total","Percentage of total population","Total","14.8",""
"2016","Greece","Total","Percentage of total population","Total","14.1",""
"2007","Spain","Total","Percentage of total population","Total","5.3",""
"2008","Spain","Total","Percentage of total population","Total","7.4",""
"2009","Spain","Total","Percentage of total population","Total","11.7",""
"2010","Spain","Total","Percentage of total population","Total","13.1",""
"2011","Spain","Total","Percentage of total population","Total","14.2",""
"2012","Spain","Total","Percentage of total population","Total","16.5",""
"2013","Spain","Total","Percentage of total population","Total","17.3",""
"2014","Spain","Total","Percentage of total population","Total","16.0",""
"2015","Spain","Total","Percentage of total population","Total","14.5",""
"2016","Spain","Total","Percentage of total population","Total","12.8",""
"2007","France","Total","Percentage of total population","Total","4.8",""
"2008","France","Total","Percentage of total population","Total","4.4",""
"2009","France","Total","Percentage of total population","Total","5.5",""
"2010","France","Total","Percentage of total population","Total","5.6",""
"2011","France","Total","Percentage of total population","Total","5.5",""
"2012","France","Total","Percentage of total population","Total","5.9",""
"2013","France","Total","Percentage of total population","Total","6.3",""
"2014","France","Total","Percentage of total population","Total","6.3",""
"2015","France","Total","Percentage of total population","Total","6.3",""
"2016","France","Total","Percentage of total population","Total","6.1",""
"2007","Croatia","Total","Percentage of total population","Total","5.7",""
"2008","Croatia","Total","Percentage of total population","Total","5.0",""
"2009","Croatia","Total","Percentage of total population","Total","5.4",""
"2010","Croatia","Total","Percentage of total population","Total","6.7",""
"2011","Croatia","Total","Percentage of total population","Total","7.8",""
"2012","Croatia","Total","Percentage of total population","Total","9.1",""
"2013","Croatia","Total","Percentage of total population","Total","9.8",""
"2014","Croatia","Total","Percentage of total population","Total","10.1",""
"2015","Croatia","Total","Percentage of total population","Total","9.5",""
"2016","Croatia","Total","Percentage of total population","Total","7.5",""
"2007","Italy","Total","Percentage of total population","Total","3.3",""
"2008","Italy","Total","Percentage of total population","Total","3.7",""
"2009","Italy","Total","Percentage of total population","Total","4.2",""
"2010","Italy","Total","Percentage of total population","Total","4.6",""
"2011","Italy","Total","Percentage of total population","Total","4.6",""
"2012","Italy","Total","Percentage of total population","Total","5.9",""
"2013","Italy","Total","Percentage of total population","Total","6.7",""
"2014","Italy","Total","Percentage of total population","Total","7.1",""
"2015","Italy","Total","Percentage of total population","Total","6.7",""
"2016","Italy","Total","Percentage of total population","Total","6.6",""
"2007","Cyprus","Total","Percentage of total population","Total","2.7",""
"2008","Cyprus","Total","Percentage of total population","Total","2.5",""
"2009","Cyprus","Total","Percentage of total population","Total","3.6",""
"2010","Cyprus","Total","Percentage of total population","Total","4.3",""
"2011","Cyprus","Total","Percentage of total population","Total","5.3",""
"2012","Cyprus","Total","Percentage of total population","Total","8.0",""
"2013","Cyprus","Total","Percentage of total population","Total","10.7",""
"2014","Cyprus","Total","Percentage of total population","Total","11.0",""
"2015","Cyprus","Total","Percentage of total population","Total","10.0",""
"2016","Cyprus","Total","Percentage of total population","Total","8.6",""
"2007","Latvia","Total","Percentage of total population","Total","4.0",""
"2008","Latvia","Total","Percentage of total population","Total","5.2",""
"2009","Latvia","Total","Percentage of total population","Total","11.5",""
"2010","Latvia","Total","Percentage of total population","Total","12.6",""
"2011","Latvia","Total","Percentage of total population","Total","10.4",""
"2012","Latvia","Total","Percentage of total population","Total","9.9",""
"2013","Latvia","Total","Percentage of total population","Total","7.8",""
"2014","Latvia","Total","Percentage of total population","Total","7.2",""
"2015","Latvia","Total","Percentage of total population","Total","6.7",""
"2016","Latvia","Total","Percentage of total population","Total","6.6",""
"2007","Lithuania","Total","Percentage of total population","Total","2.6",""
"2008","Lithuania","Total","Percentage of total population","Total","3.6",""
"2009","Lithuania","Total","Percentage of total population","Total","8.6",""
"2010","Lithuania","Total","Percentage of total population","Total","11.1",""
"2011","Lithuania","Total","Percentage of total population","Total","9.8",""
"2012","Lithuania","Total","Percentage of total population","Total","8.6",""
"2013","Lithuania","Total","Percentage of total population","Total","7.6",""
"2014","Lithuania","Total","Percentage of total population","Total","7.1",""
"2015","Lithuania","Total","Percentage of total population","Total","6.1",""
"2016","Lithuania","Total","Percentage of total population","Total","5.3",""
"2007","Luxembourg","Total","Percentage of total population","Total","2.4",""
"2008","Luxembourg","Total","Percentage of total population","Total","3.0",""
"2009","Luxembourg","Total","Percentage of total population","Total","3.1",""
"2010","Luxembourg","Total","Percentage of total population","Total","2.7",""
"2011","Luxembourg","Total","Percentage of total population","Total","3.0",""
"2012","Luxembourg","Total","Percentage of total population","Total","3.2",""
"2013","Luxembourg","Total","Percentage of total population","Total","3.7",""
"2014","Luxembourg","Total","Percentage of total population","Total","3.7",""
"2015","Luxembourg","Total","Percentage of total population","Total","4.3",""
"2016","Luxembourg","Total","Percentage of total population","Total","4.0",""
"2007","Hungary","Total","Percentage of total population","Total","4.1",""
"2008","Hungary","Total","Percentage of total population","Total","4.2","i"
"2009","Hungary","Total","Percentage of total population","Total","5.4",""
"2010","Hungary","Total","Percentage of total population","Total","6.1",""
"2011","Hungary","Total","Percentage of total population","Total","6.1",""
"2012","Hungary","Total","Percentage of total population","Total","6.2",""
"2013","Hungary","Total","Percentage of total population","Total","5.8",""
"2014","Hungary","Total","Percentage of total population","Total","4.5",""
"2015","Hungary","Total","Percentage of total population","Total","4.1",""
"2016","Hungary","Total","Percentage of total population","Total","3.1",""
"2007","Malta","Total","Percentage of total population","Total","3.4",""
"2008","Malta","Total","Percentage of total population","Total","3.2",""
"2009","Malta","Total","Percentage of total population","Total","3.7",""
"2010","Malta","Total","Percentage of total population","Total","3.7",""
"2011","Malta","Total","Percentage of total population","Total","3.5",""
"2012","Malta","Total","Percentage of total population","Total","3.5",""
"2013","Malta","Total","Percentage of total population","Total","3.7",""
"2014","Malta","Total","Percentage of total population","Total","3.4",""
"2015","Malta","Total","Percentage of total population","Total","3.2",""
"2016","Malta","Total","Percentage of total population","Total","2.8",""
"2007","Netherlands","Total","Percentage of total population","Total","2.3",""
"2008","Netherlands","Total","Percentage of total population","Total","2.0",""
"2009","Netherlands","Total","Percentage of total population","Total","2.5",""
"2010","Netherlands","Total","Percentage of total population","Total","3.1",""
"2011","Netherlands","Total","Percentage of total population","Total","3.5",""
"2012","Netherlands","Total","Percentage of total population","Total","4.1",""
"2013","Netherlands","Total","Percentage of total population","Total","5.1",""
"2014","Netherlands","Total","Percentage of total population","Total","5.2",""
"2015","Netherlands","Total","Percentage of total population","Total","4.8",""
"2016","Netherlands","Total","Percentage of total population","Total","4.2",""
"2007","Austria","Total","Percentage of total population","Total","3.2",""
"2008","Austria","Total","Percentage of total population","Total","2.7",""
"2009","Austria","Total","Percentage of total population","Total","3.5",""
"2010","Austria","Total","Percentage of total population","Total","3.2",""
"2011","Austria","Total","Percentage of total population","Total","3.0",""
"2012","Austria","Total","Percentage of total population","Total","3.2",""
"2013","Austria","Total","Percentage of total population","Total","3.6",""
"2014","Austria","Total","Percentage of total population","Total","3.8",""
"2015","Austria","Total","Percentage of total population","Total","3.8",""
"2016","Austria","Total","Percentage of total population","Total","4.1",""
"2007","Poland","Total","Percentage of total population","Total","5.5",""
"2008","Poland","Total","Percentage of total population","Total","4.1",""
"2009","Poland","Total","Percentage of total population","Total","4.8","i"
"2010","Poland","Total","Percentage of total population","Total","5.8",""
"2011","Poland","Total","Percentage of total population","Total","5.8",""
"2012","Poland","Total","Percentage of total population","Total","6.1",""
"2013","Poland","Total","Percentage of total population","Total","6.3",""
"2014","Poland","Total","Percentage of total population","Total","5.5",""
"2015","Poland","Total","Percentage of total population","Total","4.6",""
"2016","Poland","Total","Percentage of total population","Total","3.8",""
"2007","Portugal","Total","Percentage of total population","Total","6.0",""
"2008","Portugal","Total","Percentage of total population","Total","5.7",""
"2009","Portugal","Total","Percentage of total population","Total","7.0",""
"2010","Portugal","Total","Percentage of total population","Total","8.0",""
"2011","Portugal","Total","Percentage of total population","Total","8.6",""
"2012","Portugal","Total","Percentage of total population","Total","10.5",""
"2013","Portugal","Total","Percentage of total population","Total","10.8",""
"2014","Portugal","Total","Percentage of total population","Total","9.2",""
"2015","Portugal","Total","Percentage of total population","Total","8.3",""
"2016","Portugal","Total","Percentage of total population","Total","7.3",""
"2007","Romania","Total","Percentage of total population","Total","3.8",""
"2008","Romania","Total","Percentage of total population","Total","3.4",""
"2009","Romania","Total","Percentage of total population","Total","4.0",""
"2010","Romania","Total","Percentage of total population","Total","4.2",""
"2011","Romania","Total","Percentage of total population","Total","4.2",""
"2012","Romania","Total","Percentage of total population","Total","4.1",""
"2013","Romania","Total","Percentage of total population","Total","4.2",""
"2014","Romania","Total","Percentage of total population","Total","4.1",""
"2015","Romania","Total","Percentage of total population","Total","4.1",""
"2016","Romania","Total","Percentage of total population","Total","3.5",""
"2007","Slovenia","Total","Percentage of total population","Total","3.1",""
"2008","Slovenia","Total","Percentage of total population","Total","2.8",""
"2009","Slovenia","Total","Percentage of total population","Total","3.8",""
"2010","Slovenia","Total","Percentage of total population","Total","4.7",""
"2011","Slovenia","Total","Percentage of total population","Total","5.2",""
"2012","Slovenia","Total","Percentage of total population","Total","5.6",""
"2013","Slovenia","Total","Percentage of total population","Total","6.4",""
"2014","Slovenia","Total","Percentage of total population","Total","6.2",""
"2015","Slovenia","Total","Percentage of total population","Total","5.7",""
"2016","Slovenia","Total","Percentage of total population","Total","5.0",""
"2007","Slovakia","Total","Percentage of total population","Total","7.0",""
"2008","Slovakia","Total","Percentage of total population","Total","6.0",""
"2009","Slovakia","Total","Percentage of total population","Total","7.6",""
"2010","Slovakia","Total","Percentage of total population","Total","9.1",""
"2011","Slovakia","Total","Percentage of total population","Total","8.6","i"
"2012","Slovakia","Total","Percentage of total population","Total","8.8",""
"2013","Slovakia","Total","Percentage of total population","Total","9.0",""
"2014","Slovakia","Total","Percentage of total population","Total","8.4",""
"2015","Slovakia","Total","Percentage of total population","Total","7.3",""
"2016","Slovakia","Total","Percentage of total population","Total","6.2",""
"2007","Finland","Total","Percentage of total population","Total","4.6",""
"2008","Finland","Total","Percentage of total population","Total","4.3",""
"2009","Finland","Total","Percentage of total population","Total","5.5",""
"2010","Finland","Total","Percentage of total population","Total","5.6",""
"2011","Finland","Total","Percentage of total population","Total","5.2",""
"2012","Finland","Total","Percentage of total population","Total","5.1",""
"2013","Finland","Total","Percentage of total population","Total","5.4",""
"2014","Finland","Total","Percentage of total population","Total","5.7",""
"2015","Finland","Total","Percentage of total population","Total","6.2",""
"2016","Finland","Total","Percentage of total population","Total","5.8",""
"2007","Sweden","Total","Percentage of total population","Total","4.4",""
"2008","Sweden","Total","Percentage of total population","Total","4.4",""
"2009","Sweden","Total","Percentage of total population","Total","5.9",""
"2010","Sweden","Total","Percentage of total population","Total","6.1",""
"2011","Sweden","Total","Percentage of total population","Total","5.5",""
"2012","Sweden","Total","Percentage of total population","Total","5.7",""
"2013","Sweden","Total","Percentage of total population","Total","5.8",""
"2014","Sweden","Total","Percentage of total population","Total","5.7",""
"2015","Sweden","Total","Percentage of total population","Total","5.4",""
"2016","Sweden","Total","Percentage of total population","Total","5.0",""
"2007","United Kingdom","Total","Percentage of total population","Total","3.6",""
"2008","United Kingdom","Total","Percentage of total population","Total","3.9",""
"2009","United Kingdom","Total","Percentage of total population","Total","5.2",""
"2010","United Kingdom","Total","Percentage of total population","Total","5.3",""
"2011","United Kingdom","Total","Percentage of total population","Total","5.5",""
"2012","United Kingdom","Total","Percentage of total population","Total","5.4",""
"2013","United Kingdom","Total","Percentage of total population","Total","5.2",""
"2014","United Kingdom","Total","Percentage of total population","Total","4.2",""
"2015","United Kingdom","Total","Percentage of total population","Total","3.7",""
"2016","United Kingdom","Total","Percentage of total population","Total","3.3",""
"2007","Iceland","Total","Percentage of total population","Total","1.9",""
"2008","Iceland","Total","Percentage of total population","Total","2.4",""
"2009","Iceland","Total","Percentage of total population","Total","5.8",""
"2010","Iceland","Total","Percentage of total population","Total","6.1",""
"2011","Iceland","Total","Percentage of total population","Total","5.6",""
"2012","Iceland","Total","Percentage of total population","Total","4.8",""
"2013","Iceland","Total","Percentage of total population","Total","4.3",""
"2014","Iceland","Total","Percentage of total population","Total","4.0",""
"2015","Iceland","Total","Percentage of total population","Total","3.3",""
"2016","Iceland","Total","Percentage of total population","Total","2.5",""
"2007","Norway","Total","Percentage of total population","Total","1.8",""
"2008","Norway","Total","Percentage of total population","Total","1.9",""
"2009","Norway","Total","Percentage of total population","Total","2.3",""
"2010","Norway","Total","Percentage of total population","Total","2.5",""
"2011","Norway","Total","Percentage of total population","Total","2.3",""
"2012","Norway","Total","Percentage of total population","Total","2.2",""
"2013","Norway","Total","Percentage of total population","Total","2.4",""
"2014","Norway","Total","Percentage of total population","Total","2.5",""
"2015","Norway","Total","Percentage of total population","Total","3.1",""
"2016","Norway","Total","Percentage of total population","Total","3.3",""
"2007","Turkey","Total","Percentage of total population","Total","4.2","b"
"2008","Turkey","Total","Percentage of total population","Total","4.7",""
"2009","Turkey","Total","Percentage of total population","Total","6.1",""
"2010","Turkey","Total","Percentage of total population","Total","5.3",""
"2011","Turkey","Total","Percentage of total population","Total","4.5",""
"2012","Turkey","Total","Percentage of total population","Total","4.2",""
"2013","Turkey","Total","Percentage of total population","Total","4.6",""
"2014","Turkey","Total","Percentage of total population","Total","5.2",""
"2015","Turkey","Total","Percentage of total population","Total","5.5",""
"2016","Turkey","Total","Percentage of total population","Total","5.9",""
"2007","United States","Total","Percentage of total population","Total",":",""
"2008","United States","Total","Percentage of total population","Total",":",""
"2009","United States","Total","Percentage of total population","Total",":",""
"2010","United States","Total","Percentage of total population","Total",":",""
"2011","United States","Total","Percentage of total population","Total",":",""
"2012","United States","Total","Percentage of total population","Total",":",""
"2013","United States","Total","Percentage of total population","Total",":",""
"2014","United States","Total","Percentage of total population","Total",":",""
"2015","United States","Total","Percentage of total population","Total",":",""
"2016","United States","Total","Percentage of total population","Total",":",""
"2007","Japan","Total","Percentage of total population","Total",":",""
"2008","Japan","Total","Percentage of total population","Total",":",""
"2009","Japan","Total","Percentage of total population","Total",":",""
"2010","Japan","Total","Percentage of total population","Total",":",""
"2011","Japan","Total","Percentage of total population","Total",":",""
"2012","Japan","Total","Percentage of total population","Total",":",""
"2013","Japan","Total","Percentage of total population","Total",":",""
"2014","Japan","Total","Percentage of total population","Total",":",""
"2015","Japan","Total","Percentage of total population","Total",":",""
"2016","Japan","Total","Percentage of total population","Total",":",""
