"TIME","GEO","AGE","UNIT","SEX","Value","Flag and Footnotes"
"2007","European Union (28 countries)","Less than 25 years","Percentage of total population","Females","6.5",""
"2008","European Union (28 countries)","Less than 25 years","Percentage of total population","Females","6.3",""
"2009","European Union (28 countries)","Less than 25 years","Percentage of total population","Females","7.5",""
"2010","European Union (28 countries)","Less than 25 years","Percentage of total population","Females","8.0",""
"2011","European Union (28 countries)","Less than 25 years","Percentage of total population","Females","8.3",""
"2012","European Union (28 countries)","Less than 25 years","Percentage of total population","Females","8.8",""
"2013","European Union (28 countries)","Less than 25 years","Percentage of total population","Females","9.0",""
"2014","European Union (28 countries)","Less than 25 years","Percentage of total population","Females","8.3",""
"2015","European Union (28 countries)","Less than 25 years","Percentage of total population","Females","7.5",""
"2016","European Union (28 countries)","Less than 25 years","Percentage of total population","Females","6.9",""
"2007","European Union (27 countries)","Less than 25 years","Percentage of total population","Females","6.4",""
"2008","European Union (27 countries)","Less than 25 years","Percentage of total population","Females","6.3",""
"2009","European Union (27 countries)","Less than 25 years","Percentage of total population","Females","7.5",""
"2010","European Union (27 countries)","Less than 25 years","Percentage of total population","Females","8.0",""
"2011","European Union (27 countries)","Less than 25 years","Percentage of total population","Females","8.3",""
"2012","European Union (27 countries)","Less than 25 years","Percentage of total population","Females","8.8",""
"2013","European Union (27 countries)","Less than 25 years","Percentage of total population","Females","8.9",""
"2014","European Union (27 countries)","Less than 25 years","Percentage of total population","Females","8.3",""
"2015","European Union (27 countries)","Less than 25 years","Percentage of total population","Females","7.5",""
"2016","European Union (27 countries)","Less than 25 years","Percentage of total population","Females","6.9",""
"2007","European Union (25 countries)","Less than 25 years","Percentage of total population","Females","6.6",""
"2008","European Union (25 countries)","Less than 25 years","Percentage of total population","Females","6.5",""
"2009","European Union (25 countries)","Less than 25 years","Percentage of total population","Females","7.7",""
"2010","European Union (25 countries)","Less than 25 years","Percentage of total population","Females","8.2",""
"2011","European Union (25 countries)","Less than 25 years","Percentage of total population","Females","8.4",""
"2012","European Union (25 countries)","Less than 25 years","Percentage of total population","Females","8.9",""
"2013","European Union (25 countries)","Less than 25 years","Percentage of total population","Females","9.1",""
"2014","European Union (25 countries)","Less than 25 years","Percentage of total population","Females","8.4",""
"2015","European Union (25 countries)","Less than 25 years","Percentage of total population","Females","7.6",""
"2016","European Union (25 countries)","Less than 25 years","Percentage of total population","Females","7.0",""
"2007","Euro area (EA11-2000, EA12-2006, EA13-2007, EA15-2008, EA16-2010, EA17-2013, EA18-2014, EA19)","Less than 25 years","Percentage of total population","Females","6.6",""
"2008","Euro area (EA11-2000, EA12-2006, EA13-2007, EA15-2008, EA16-2010, EA17-2013, EA18-2014, EA19)","Less than 25 years","Percentage of total population","Females","6.6",""
"2009","Euro area (EA11-2000, EA12-2006, EA13-2007, EA15-2008, EA16-2010, EA17-2013, EA18-2014, EA19)","Less than 25 years","Percentage of total population","Females","7.7",""
"2010","Euro area (EA11-2000, EA12-2006, EA13-2007, EA15-2008, EA16-2010, EA17-2013, EA18-2014, EA19)","Less than 25 years","Percentage of total population","Females","7.9",""
"2011","Euro area (EA11-2000, EA12-2006, EA13-2007, EA15-2008, EA16-2010, EA17-2013, EA18-2014, EA19)","Less than 25 years","Percentage of total population","Females","8.1",""
"2012","Euro area (EA11-2000, EA12-2006, EA13-2007, EA15-2008, EA16-2010, EA17-2013, EA18-2014, EA19)","Less than 25 years","Percentage of total population","Females","8.9",""
"2013","Euro area (EA11-2000, EA12-2006, EA13-2007, EA15-2008, EA16-2010, EA17-2013, EA18-2014, EA19)","Less than 25 years","Percentage of total population","Females","9.1",""
"2014","Euro area (EA11-2000, EA12-2006, EA13-2007, EA15-2008, EA16-2010, EA17-2013, EA18-2014, EA19)","Less than 25 years","Percentage of total population","Females","8.7",""
"2015","Euro area (EA11-2000, EA12-2006, EA13-2007, EA15-2008, EA16-2010, EA17-2013, EA18-2014, EA19)","Less than 25 years","Percentage of total population","Females","8.0",""
"2016","Euro area (EA11-2000, EA12-2006, EA13-2007, EA15-2008, EA16-2010, EA17-2013, EA18-2014, EA19)","Less than 25 years","Percentage of total population","Females","7.5",""
"2007","Euro area (19 countries)","Less than 25 years","Percentage of total population","Females","6.5",""
"2008","Euro area (19 countries)","Less than 25 years","Percentage of total population","Females","6.5",""
"2009","Euro area (19 countries)","Less than 25 years","Percentage of total population","Females","7.7",""
"2010","Euro area (19 countries)","Less than 25 years","Percentage of total population","Females","8.0",""
"2011","Euro area (19 countries)","Less than 25 years","Percentage of total population","Females","8.1",""
"2012","Euro area (19 countries)","Less than 25 years","Percentage of total population","Females","8.8",""
"2013","Euro area (19 countries)","Less than 25 years","Percentage of total population","Females","9.1",""
"2014","Euro area (19 countries)","Less than 25 years","Percentage of total population","Females","8.7",""
"2015","Euro area (19 countries)","Less than 25 years","Percentage of total population","Females","8.0",""
"2016","Euro area (19 countries)","Less than 25 years","Percentage of total population","Females","7.5",""
"2007","Euro area (18 countries)","Less than 25 years","Percentage of total population","Females","6.5",""
"2008","Euro area (18 countries)","Less than 25 years","Percentage of total population","Females","6.5",""
"2009","Euro area (18 countries)","Less than 25 years","Percentage of total population","Females","7.7",""
"2010","Euro area (18 countries)","Less than 25 years","Percentage of total population","Females","8.0",""
"2011","Euro area (18 countries)","Less than 25 years","Percentage of total population","Females","8.1",""
"2012","Euro area (18 countries)","Less than 25 years","Percentage of total population","Females","8.9",""
"2013","Euro area (18 countries)","Less than 25 years","Percentage of total population","Females","9.1",""
"2014","Euro area (18 countries)","Less than 25 years","Percentage of total population","Females","8.7",""
"2015","Euro area (18 countries)","Less than 25 years","Percentage of total population","Females","8.0",""
"2016","Euro area (18 countries)","Less than 25 years","Percentage of total population","Females","7.6",""
"2007","Belgium","Less than 25 years","Percentage of total population","Females","6.6",""
"2008","Belgium","Less than 25 years","Percentage of total population","Females","5.8",""
"2009","Belgium","Less than 25 years","Percentage of total population","Females","6.7",""
"2010","Belgium","Less than 25 years","Percentage of total population","Females","6.7",""
"2011","Belgium","Less than 25 years","Percentage of total population","Females","5.6",""
"2012","Belgium","Less than 25 years","Percentage of total population","Females","5.3",""
"2013","Belgium","Less than 25 years","Percentage of total population","Females","6.3",""
"2014","Belgium","Less than 25 years","Percentage of total population","Females","6.3",""
"2015","Belgium","Less than 25 years","Percentage of total population","Females","5.4",""
"2016","Belgium","Less than 25 years","Percentage of total population","Females","4.7",""
"2007","Bulgaria","Less than 25 years","Percentage of total population","Females","4.0",""
"2008","Bulgaria","Less than 25 years","Percentage of total population","Females","2.9",""
"2009","Bulgaria","Less than 25 years","Percentage of total population","Females","3.3",""
"2010","Bulgaria","Less than 25 years","Percentage of total population","Females","5.3","i"
"2011","Bulgaria","Less than 25 years","Percentage of total population","Females","5.9",""
"2012","Bulgaria","Less than 25 years","Percentage of total population","Females","6.6",""
"2013","Bulgaria","Less than 25 years","Percentage of total population","Females","6.3",""
"2014","Bulgaria","Less than 25 years","Percentage of total population","Females","5.4",""
"2015","Bulgaria","Less than 25 years","Percentage of total population","Females","4.7",""
"2016","Bulgaria","Less than 25 years","Percentage of total population","Females","3.3",""
"2007","Czech Republic","Less than 25 years","Percentage of total population","Females","2.9",""
"2008","Czech Republic","Less than 25 years","Percentage of total population","Females","2.6",""
"2009","Czech Republic","Less than 25 years","Percentage of total population","Females","4.4",""
"2010","Czech Republic","Less than 25 years","Percentage of total population","Females","4.7",""
"2011","Czech Republic","Less than 25 years","Percentage of total population","Females","4.3",""
"2012","Czech Republic","Less than 25 years","Percentage of total population","Females","4.9",""
"2013","Czech Republic","Less than 25 years","Percentage of total population","Females","5.1",""
"2014","Czech Republic","Less than 25 years","Percentage of total population","Females","4.5",""
"2015","Czech Republic","Less than 25 years","Percentage of total population","Females","3.9",""
"2016","Czech Republic","Less than 25 years","Percentage of total population","Females","3.0",""
"2007","Denmark","Less than 25 years","Percentage of total population","Females","5.1",""
"2008","Denmark","Less than 25 years","Percentage of total population","Females","6.2",""
"2009","Denmark","Less than 25 years","Percentage of total population","Females","7.2",""
"2010","Denmark","Less than 25 years","Percentage of total population","Females","7.9",""
"2011","Denmark","Less than 25 years","Percentage of total population","Females","8.5",""
"2012","Denmark","Less than 25 years","Percentage of total population","Females","8.6",""
"2013","Denmark","Less than 25 years","Percentage of total population","Females","7.4",""
"2014","Denmark","Less than 25 years","Percentage of total population","Females","7.1",""
"2015","Denmark","Less than 25 years","Percentage of total population","Females","6.3",""
"2016","Denmark","Less than 25 years","Percentage of total population","Females","7.3",""
"2007","Germany (until 1990 former territory of the FRG)","Less than 25 years","Percentage of total population","Females","5.4",""
"2008","Germany (until 1990 former territory of the FRG)","Less than 25 years","Percentage of total population","Females","4.9",""
"2009","Germany (until 1990 former territory of the FRG)","Less than 25 years","Percentage of total population","Females","4.8",""
"2010","Germany (until 1990 former territory of the FRG)","Less than 25 years","Percentage of total population","Females","4.3",""
"2011","Germany (until 1990 former territory of the FRG)","Less than 25 years","Percentage of total population","Females","3.9",""
"2012","Germany (until 1990 former territory of the FRG)","Less than 25 years","Percentage of total population","Females","3.5",""
"2013","Germany (until 1990 former territory of the FRG)","Less than 25 years","Percentage of total population","Females","3.5",""
"2014","Germany (until 1990 former territory of the FRG)","Less than 25 years","Percentage of total population","Females","3.4",""
"2015","Germany (until 1990 former territory of the FRG)","Less than 25 years","Percentage of total population","Females","3.0",""
"2016","Germany (until 1990 former territory of the FRG)","Less than 25 years","Percentage of total population","Females","2.9",""
"2007","Estonia","Less than 25 years","Percentage of total population","Females","2.3",""
"2008","Estonia","Less than 25 years","Percentage of total population","Females","4.2","i"
"2009","Estonia","Less than 25 years","Percentage of total population","Females","7.4",""
"2010","Estonia","Less than 25 years","Percentage of total population","Females","10.1",""
"2011","Estonia","Less than 25 years","Percentage of total population","Females","7.5",""
"2012","Estonia","Less than 25 years","Percentage of total population","Females","6.9",""
"2013","Estonia","Less than 25 years","Percentage of total population","Females","7.5",""
"2014","Estonia","Less than 25 years","Percentage of total population","Females","3.7",""
"2015","Estonia","Less than 25 years","Percentage of total population","Females","4.6",""
"2016","Estonia","Less than 25 years","Percentage of total population","Females","4.3",""
"2007","Ireland","Less than 25 years","Percentage of total population","Females","4.2",""
"2008","Ireland","Less than 25 years","Percentage of total population","Females","5.2",""
"2009","Ireland","Less than 25 years","Percentage of total population","Females","8.0",""
"2010","Ireland","Less than 25 years","Percentage of total population","Females","9.0",""
"2011","Ireland","Less than 25 years","Percentage of total population","Females","9.1",""
"2012","Ireland","Less than 25 years","Percentage of total population","Females","9.5",""
"2013","Ireland","Less than 25 years","Percentage of total population","Females","9.1",""
"2014","Ireland","Less than 25 years","Percentage of total population","Females","7.5",""
"2015","Ireland","Less than 25 years","Percentage of total population","Females","6.0",""
"2016","Ireland","Less than 25 years","Percentage of total population","Females","5.5",""
"2007","Greece","Less than 25 years","Percentage of total population","Females","8.7",""
"2008","Greece","Less than 25 years","Percentage of total population","Females","7.4",""
"2009","Greece","Less than 25 years","Percentage of total population","Females","9.1",""
"2010","Greece","Less than 25 years","Percentage of total population","Females","10.9",""
"2011","Greece","Less than 25 years","Percentage of total population","Females","13.7",""
"2012","Greece","Less than 25 years","Percentage of total population","Females","17.0",""
"2013","Greece","Less than 25 years","Percentage of total population","Females","16.1",""
"2014","Greece","Less than 25 years","Percentage of total population","Females","15.2",""
"2015","Greece","Less than 25 years","Percentage of total population","Females","13.4",""
"2016","Greece","Less than 25 years","Percentage of total population","Females","11.6",""
"2007","Spain","Less than 25 years","Percentage of total population","Females","9.4",""
"2008","Spain","Less than 25 years","Percentage of total population","Females","11.2",""
"2009","Spain","Less than 25 years","Percentage of total population","Females","15.1",""
"2010","Spain","Less than 25 years","Percentage of total population","Females","15.9",""
"2011","Spain","Less than 25 years","Percentage of total population","Females","17.2",""
"2012","Spain","Less than 25 years","Percentage of total population","Females","19.4",""
"2013","Spain","Less than 25 years","Percentage of total population","Females","19.6",""
"2014","Spain","Less than 25 years","Percentage of total population","Females","18.0",""
"2015","Spain","Less than 25 years","Percentage of total population","Females","15.9",""
"2016","Spain","Less than 25 years","Percentage of total population","Females","14.0",""
"2007","France","Less than 25 years","Percentage of total population","Females","6.8",""
"2008","France","Less than 25 years","Percentage of total population","Females","6.3",""
"2009","France","Less than 25 years","Percentage of total population","Females","7.8",""
"2010","France","Less than 25 years","Percentage of total population","Females","8.1",""
"2011","France","Less than 25 years","Percentage of total population","Females","7.8",""
"2012","France","Less than 25 years","Percentage of total population","Females","7.9",""
"2013","France","Less than 25 years","Percentage of total population","Females","8.3",""
"2014","France","Less than 25 years","Percentage of total population","Females","7.5",""
"2015","France","Less than 25 years","Percentage of total population","Females","7.8",""
"2016","France","Less than 25 years","Percentage of total population","Females","8.1",""
"2007","Croatia","Less than 25 years","Percentage of total population","Females","9.2",""
"2008","Croatia","Less than 25 years","Percentage of total population","Females","8.5",""
"2009","Croatia","Less than 25 years","Percentage of total population","Females","8.2",""
"2010","Croatia","Less than 25 years","Percentage of total population","Females","10.3",""
"2011","Croatia","Less than 25 years","Percentage of total population","Females","9.7",""
"2012","Croatia","Less than 25 years","Percentage of total population","Females","10.6",""
"2013","Croatia","Less than 25 years","Percentage of total population","Females","12.4",""
"2014","Croatia","Less than 25 years","Percentage of total population","Females","13.2",""
"2015","Croatia","Less than 25 years","Percentage of total population","Females","12.2",""
"2016","Croatia","Less than 25 years","Percentage of total population","Females","10.1",""
"2007","Italy","Less than 25 years","Percentage of total population","Females","5.9",""
"2008","Italy","Less than 25 years","Percentage of total population","Females","6.3",""
"2009","Italy","Less than 25 years","Percentage of total population","Females","6.8",""
"2010","Italy","Less than 25 years","Percentage of total population","Females","6.8",""
"2011","Italy","Less than 25 years","Percentage of total population","Females","7.3",""
"2012","Italy","Less than 25 years","Percentage of total population","Females","9.0",""
"2013","Italy","Less than 25 years","Percentage of total population","Females","9.7",""
"2014","Italy","Less than 25 years","Percentage of total population","Females","10.3",""
"2015","Italy","Less than 25 years","Percentage of total population","Females","9.2",""
"2016","Italy","Less than 25 years","Percentage of total population","Females","9.0",""
"2007","Cyprus","Less than 25 years","Percentage of total population","Females","3.7",""
"2008","Cyprus","Less than 25 years","Percentage of total population","Females","3.8",""
"2009","Cyprus","Less than 25 years","Percentage of total population","Females","5.4",""
"2010","Cyprus","Less than 25 years","Percentage of total population","Females","6.9",""
"2011","Cyprus","Less than 25 years","Percentage of total population","Females","7.9",""
"2012","Cyprus","Less than 25 years","Percentage of total population","Females","9.5",""
"2013","Cyprus","Less than 25 years","Percentage of total population","Females","13.3",""
"2014","Cyprus","Less than 25 years","Percentage of total population","Females","13.7",""
"2015","Cyprus","Less than 25 years","Percentage of total population","Females","12.1",""
"2016","Cyprus","Less than 25 years","Percentage of total population","Females","12.2",""
"2007","Latvia","Less than 25 years","Percentage of total population","Females","3.6",""
"2008","Latvia","Less than 25 years","Percentage of total population","Females","4.8",""
"2009","Latvia","Less than 25 years","Percentage of total population","Females","10.5",""
"2010","Latvia","Less than 25 years","Percentage of total population","Females","12.9",""
"2011","Latvia","Less than 25 years","Percentage of total population","Females","10.3",""
"2012","Latvia","Less than 25 years","Percentage of total population","Females","10.6",""
"2013","Latvia","Less than 25 years","Percentage of total population","Females","9.0",""
"2014","Latvia","Less than 25 years","Percentage of total population","Females","7.0",""
"2015","Latvia","Less than 25 years","Percentage of total population","Females","5.3",""
"2016","Latvia","Less than 25 years","Percentage of total population","Females","4.4",""
"2007","Lithuania","Less than 25 years","Percentage of total population","Females","2.3",""
"2008","Lithuania","Less than 25 years","Percentage of total population","Females","3.5",""
"2009","Lithuania","Less than 25 years","Percentage of total population","Females","5.8",""
"2010","Lithuania","Less than 25 years","Percentage of total population","Females","8.0",""
"2011","Lithuania","Less than 25 years","Percentage of total population","Females","7.1",""
"2012","Lithuania","Less than 25 years","Percentage of total population","Females","5.9",""
"2013","Lithuania","Less than 25 years","Percentage of total population","Females","5.5",""
"2014","Lithuania","Less than 25 years","Percentage of total population","Females","5.5",""
"2015","Lithuania","Less than 25 years","Percentage of total population","Females","5.1",""
"2016","Lithuania","Less than 25 years","Percentage of total population","Females","4.0",""
"2007","Luxembourg","Less than 25 years","Percentage of total population","Females","3.9",""
"2008","Luxembourg","Less than 25 years","Percentage of total population","Females","6.5",""
"2009","Luxembourg","Less than 25 years","Percentage of total population","Females","5.2",""
"2010","Luxembourg","Less than 25 years","Percentage of total population","Females","2.3",""
"2011","Luxembourg","Less than 25 years","Percentage of total population","Females","4.9",""
"2012","Luxembourg","Less than 25 years","Percentage of total population","Females","4.6",""
"2013","Luxembourg","Less than 25 years","Percentage of total population","Females","2.4",""
"2014","Luxembourg","Less than 25 years","Percentage of total population","Females","4.2",""
"2015","Luxembourg","Less than 25 years","Percentage of total population","Females","5.3",""
"2016","Luxembourg","Less than 25 years","Percentage of total population","Females","5.6",""
"2007","Hungary","Less than 25 years","Percentage of total population","Females","4.1",""
"2008","Hungary","Less than 25 years","Percentage of total population","Females","4.4","i"
"2009","Hungary","Less than 25 years","Percentage of total population","Females","5.3",""
"2010","Hungary","Less than 25 years","Percentage of total population","Females","5.4",""
"2011","Hungary","Less than 25 years","Percentage of total population","Females","5.3",""
"2012","Hungary","Less than 25 years","Percentage of total population","Females","6.3",""
"2013","Hungary","Less than 25 years","Percentage of total population","Females","6.6",""
"2014","Hungary","Less than 25 years","Percentage of total population","Females","5.4",""
"2015","Hungary","Less than 25 years","Percentage of total population","Females","4.4",""
"2016","Hungary","Less than 25 years","Percentage of total population","Females","3.6",""
"2007","Malta","Less than 25 years","Percentage of total population","Females","6.0",""
"2008","Malta","Less than 25 years","Percentage of total population","Females","5.0",""
"2009","Malta","Less than 25 years","Percentage of total population","Females","6.1",""
"2010","Malta","Less than 25 years","Percentage of total population","Females","5.7",""
"2011","Malta","Less than 25 years","Percentage of total population","Females","6.2",""
"2012","Malta","Less than 25 years","Percentage of total population","Females","7.0",""
"2013","Malta","Less than 25 years","Percentage of total population","Females","5.1",""
"2014","Malta","Less than 25 years","Percentage of total population","Females","5.0",""
"2015","Malta","Less than 25 years","Percentage of total population","Females","4.7",""
"2016","Malta","Less than 25 years","Percentage of total population","Females","5.4",""
"2007","Netherlands","Less than 25 years","Percentage of total population","Females","4.5",""
"2008","Netherlands","Less than 25 years","Percentage of total population","Females","3.8",""
"2009","Netherlands","Less than 25 years","Percentage of total population","Females","4.5",""
"2010","Netherlands","Less than 25 years","Percentage of total population","Females","6.0",""
"2011","Netherlands","Less than 25 years","Percentage of total population","Females","6.6",""
"2012","Netherlands","Less than 25 years","Percentage of total population","Females","8.2",""
"2013","Netherlands","Less than 25 years","Percentage of total population","Females","9.0",""
"2014","Netherlands","Less than 25 years","Percentage of total population","Females","8.9",""
"2015","Netherlands","Less than 25 years","Percentage of total population","Females","7.8",""
"2016","Netherlands","Less than 25 years","Percentage of total population","Females","7.1",""
"2007","Austria","Less than 25 years","Percentage of total population","Females","5.4",""
"2008","Austria","Less than 25 years","Percentage of total population","Females","4.8",""
"2009","Austria","Less than 25 years","Percentage of total population","Females","5.7",""
"2010","Austria","Less than 25 years","Percentage of total population","Females","5.1",""
"2011","Austria","Less than 25 years","Percentage of total population","Females","5.0",""
"2012","Austria","Less than 25 years","Percentage of total population","Females","5.1",""
"2013","Austria","Less than 25 years","Percentage of total population","Females","5.5",""
"2014","Austria","Less than 25 years","Percentage of total population","Females","5.5",""
"2015","Austria","Less than 25 years","Percentage of total population","Females","5.4",""
"2016","Austria","Less than 25 years","Percentage of total population","Females","5.6",""
"2007","Poland","Less than 25 years","Percentage of total population","Females","6.9",""
"2008","Poland","Less than 25 years","Percentage of total population","Females","5.8",""
"2009","Poland","Less than 25 years","Percentage of total population","Females","6.1","i"
"2010","Poland","Less than 25 years","Percentage of total population","Females","7.5",""
"2011","Poland","Less than 25 years","Percentage of total population","Females","8.1",""
"2012","Poland","Less than 25 years","Percentage of total population","Females","8.5",""
"2013","Poland","Less than 25 years","Percentage of total population","Females","8.4",""
"2014","Poland","Less than 25 years","Percentage of total population","Females","7.3",""
"2015","Poland","Less than 25 years","Percentage of total population","Females","5.6",""
"2016","Poland","Less than 25 years","Percentage of total population","Females","5.2",""
"2007","Portugal","Less than 25 years","Percentage of total population","Females","9.1",""
"2008","Portugal","Less than 25 years","Percentage of total population","Females","9.1",""
"2009","Portugal","Less than 25 years","Percentage of total population","Females","9.5",""
"2010","Portugal","Less than 25 years","Percentage of total population","Females","9.8",""
"2011","Portugal","Less than 25 years","Percentage of total population","Females","11.4",""
"2012","Portugal","Less than 25 years","Percentage of total population","Females","13.7",""
"2013","Portugal","Less than 25 years","Percentage of total population","Females","13.4",""
"2014","Portugal","Less than 25 years","Percentage of total population","Females","12.0",""
"2015","Portugal","Less than 25 years","Percentage of total population","Females","11.3",""
"2016","Portugal","Less than 25 years","Percentage of total population","Females","9.0",""
"2007","Romania","Less than 25 years","Percentage of total population","Females","4.7",""
"2008","Romania","Less than 25 years","Percentage of total population","Females","4.5",""
"2009","Romania","Less than 25 years","Percentage of total population","Females","5.2",""
"2010","Romania","Less than 25 years","Percentage of total population","Females","5.7",""
"2011","Romania","Less than 25 years","Percentage of total population","Females","6.1",""
"2012","Romania","Less than 25 years","Percentage of total population","Females","5.9",""
"2013","Romania","Less than 25 years","Percentage of total population","Females","6.1",""
"2014","Romania","Less than 25 years","Percentage of total population","Females","5.9",""
"2015","Romania","Less than 25 years","Percentage of total population","Females","5.9",""
"2016","Romania","Less than 25 years","Percentage of total population","Females","4.8",""
"2007","Slovenia","Less than 25 years","Percentage of total population","Females","4.0",""
"2008","Slovenia","Less than 25 years","Percentage of total population","Females","4.2",""
"2009","Slovenia","Less than 25 years","Percentage of total population","Females","4.8",""
"2010","Slovenia","Less than 25 years","Percentage of total population","Females","4.8",""
"2011","Slovenia","Less than 25 years","Percentage of total population","Females","5.4",""
"2012","Slovenia","Less than 25 years","Percentage of total population","Females","6.3",""
"2013","Slovenia","Less than 25 years","Percentage of total population","Females","7.1",""
"2014","Slovenia","Less than 25 years","Percentage of total population","Females","6.5",""
"2015","Slovenia","Less than 25 years","Percentage of total population","Females","4.6",""
"2016","Slovenia","Less than 25 years","Percentage of total population","Females","4.5",""
"2007","Slovakia","Less than 25 years","Percentage of total population","Females","6.2",""
"2008","Slovakia","Less than 25 years","Percentage of total population","Females","5.4",""
"2009","Slovakia","Less than 25 years","Percentage of total population","Females","6.8",""
"2010","Slovakia","Less than 25 years","Percentage of total population","Females","8.3",""
"2011","Slovakia","Less than 25 years","Percentage of total population","Females","7.8","i"
"2012","Slovakia","Less than 25 years","Percentage of total population","Females","7.7",""
"2013","Slovakia","Less than 25 years","Percentage of total population","Females","7.5",""
"2014","Slovakia","Less than 25 years","Percentage of total population","Females","7.1",""
"2015","Slovakia","Less than 25 years","Percentage of total population","Females","6.8",""
"2016","Slovakia","Less than 25 years","Percentage of total population","Females","6.5",""
"2007","Finland","Less than 25 years","Percentage of total population","Females","8.9",""
"2008","Finland","Less than 25 years","Percentage of total population","Females","8.4",""
"2009","Finland","Less than 25 years","Percentage of total population","Females","9.7",""
"2010","Finland","Less than 25 years","Percentage of total population","Females","9.4",""
"2011","Finland","Less than 25 years","Percentage of total population","Females","9.3",""
"2012","Finland","Less than 25 years","Percentage of total population","Females","9.4",""
"2013","Finland","Less than 25 years","Percentage of total population","Females","9.0",""
"2014","Finland","Less than 25 years","Percentage of total population","Females","9.7",""
"2015","Finland","Less than 25 years","Percentage of total population","Females","10.5",""
"2016","Finland","Less than 25 years","Percentage of total population","Females","9.9",""
"2007","Sweden","Less than 25 years","Percentage of total population","Females","10.4",""
"2008","Sweden","Less than 25 years","Percentage of total population","Females","11.0",""
"2009","Sweden","Less than 25 years","Percentage of total population","Females","12.1",""
"2010","Sweden","Less than 25 years","Percentage of total population","Females","12.1",""
"2011","Sweden","Less than 25 years","Percentage of total population","Females","11.8",""
"2012","Sweden","Less than 25 years","Percentage of total population","Females","11.9",""
"2013","Sweden","Less than 25 years","Percentage of total population","Females","12.3",""
"2014","Sweden","Less than 25 years","Percentage of total population","Females","12.0",""
"2015","Sweden","Less than 25 years","Percentage of total population","Females","11.1",""
"2016","Sweden","Less than 25 years","Percentage of total population","Females","9.6",""
"2007","United Kingdom","Less than 25 years","Percentage of total population","Females","7.3",""
"2008","United Kingdom","Less than 25 years","Percentage of total population","Females","7.4",""
"2009","United Kingdom","Less than 25 years","Percentage of total population","Females","9.2",""
"2010","United Kingdom","Less than 25 years","Percentage of total population","Females","9.8",""
"2011","United Kingdom","Less than 25 years","Percentage of total population","Females","10.3",""
"2012","United Kingdom","Less than 25 years","Percentage of total population","Females","10.3",""
"2013","United Kingdom","Less than 25 years","Percentage of total population","Females","10.2",""
"2014","United Kingdom","Less than 25 years","Percentage of total population","Females","8.3",""
"2015","United Kingdom","Less than 25 years","Percentage of total population","Females","7.4",""
"2016","United Kingdom","Less than 25 years","Percentage of total population","Females","6.4",""
"2007","Iceland","Less than 25 years","Percentage of total population","Females","5.0",""
"2008","Iceland","Less than 25 years","Percentage of total population","Females","5.9",""
"2009","Iceland","Less than 25 years","Percentage of total population","Females","9.0",""
"2010","Iceland","Less than 25 years","Percentage of total population","Females","10.8",""
"2011","Iceland","Less than 25 years","Percentage of total population","Females","8.0",""
"2012","Iceland","Less than 25 years","Percentage of total population","Females","9.6",""
"2013","Iceland","Less than 25 years","Percentage of total population","Females","6.3",""
"2014","Iceland","Less than 25 years","Percentage of total population","Females","5.2",""
"2015","Iceland","Less than 25 years","Percentage of total population","Females","5.5",""
"2016","Iceland","Less than 25 years","Percentage of total population","Females","5.3",""
"2007","Norway","Less than 25 years","Percentage of total population","Females","4.0",""
"2008","Norway","Less than 25 years","Percentage of total population","Females","4.1",""
"2009","Norway","Less than 25 years","Percentage of total population","Females","4.6",""
"2010","Norway","Less than 25 years","Percentage of total population","Females","4.3",""
"2011","Norway","Less than 25 years","Percentage of total population","Females","4.4",""
"2012","Norway","Less than 25 years","Percentage of total population","Females","4.0",""
"2013","Norway","Less than 25 years","Percentage of total population","Females","4.4",""
"2014","Norway","Less than 25 years","Percentage of total population","Females","3.7",""
"2015","Norway","Less than 25 years","Percentage of total population","Females","4.9",""
"2016","Norway","Less than 25 years","Percentage of total population","Females","5.1",""
"2007","Turkey","Less than 25 years","Percentage of total population","Females",":",""
"2008","Turkey","Less than 25 years","Percentage of total population","Females",":",""
"2009","Turkey","Less than 25 years","Percentage of total population","Females",":",""
"2010","Turkey","Less than 25 years","Percentage of total population","Females",":",""
"2011","Turkey","Less than 25 years","Percentage of total population","Females",":",""
"2012","Turkey","Less than 25 years","Percentage of total population","Females",":",""
"2013","Turkey","Less than 25 years","Percentage of total population","Females",":",""
"2014","Turkey","Less than 25 years","Percentage of total population","Females",":",""
"2015","Turkey","Less than 25 years","Percentage of total population","Females",":",""
"2016","Turkey","Less than 25 years","Percentage of total population","Females",":",""
"2007","United States","Less than 25 years","Percentage of total population","Females",":",""
"2008","United States","Less than 25 years","Percentage of total population","Females",":",""
"2009","United States","Less than 25 years","Percentage of total population","Females",":",""
"2010","United States","Less than 25 years","Percentage of total population","Females",":",""
"2011","United States","Less than 25 years","Percentage of total population","Females",":",""
"2012","United States","Less than 25 years","Percentage of total population","Females",":",""
"2013","United States","Less than 25 years","Percentage of total population","Females",":",""
"2014","United States","Less than 25 years","Percentage of total population","Females",":",""
"2015","United States","Less than 25 years","Percentage of total population","Females",":",""
"2016","United States","Less than 25 years","Percentage of total population","Females",":",""
"2007","Japan","Less than 25 years","Percentage of total population","Females",":",""
"2008","Japan","Less than 25 years","Percentage of total population","Females",":",""
"2009","Japan","Less than 25 years","Percentage of total population","Females",":",""
"2010","Japan","Less than 25 years","Percentage of total population","Females",":",""
"2011","Japan","Less than 25 years","Percentage of total population","Females",":",""
"2012","Japan","Less than 25 years","Percentage of total population","Females",":",""
"2013","Japan","Less than 25 years","Percentage of total population","Females",":",""
"2014","Japan","Less than 25 years","Percentage of total population","Females",":",""
"2015","Japan","Less than 25 years","Percentage of total population","Females",":",""
"2016","Japan","Less than 25 years","Percentage of total population","Females",":",""
