"TIME","GEO","AGE","UNIT","SEX","Value","Flag and Footnotes"
"2007","European Union (28 countries)","Less than 25 years","Thousand persons","Females","1,962",""
"2008","European Union (28 countries)","Less than 25 years","Thousand persons","Females","1,907",""
"2009","European Union (28 countries)","Less than 25 years","Thousand persons","Females","2,230",""
"2010","European Union (28 countries)","Less than 25 years","Thousand persons","Females","2,330",""
"2011","European Union (28 countries)","Less than 25 years","Thousand persons","Females","2,356",""
"2012","European Union (28 countries)","Less than 25 years","Thousand persons","Females","2,472",""
"2013","European Union (28 countries)","Less than 25 years","Thousand persons","Females","2,485",""
"2014","European Union (28 countries)","Less than 25 years","Thousand persons","Females","2,268",""
"2015","European Union (28 countries)","Less than 25 years","Thousand persons","Females","2,032",""
"2016","European Union (28 countries)","Less than 25 years","Thousand persons","Females","1,857",""
"2007","European Union (27 countries)","Less than 25 years","Thousand persons","Females","1,938",""
"2008","European Union (27 countries)","Less than 25 years","Thousand persons","Females","1,885",""
"2009","European Union (27 countries)","Less than 25 years","Thousand persons","Females","2,208",""
"2010","European Union (27 countries)","Less than 25 years","Thousand persons","Females","2,305",""
"2011","European Union (27 countries)","Less than 25 years","Thousand persons","Females","2,332",""
"2012","European Union (27 countries)","Less than 25 years","Thousand persons","Females","2,446",""
"2013","European Union (27 countries)","Less than 25 years","Thousand persons","Females","2,455",""
"2014","European Union (27 countries)","Less than 25 years","Thousand persons","Females","2,237",""
"2015","European Union (27 countries)","Less than 25 years","Thousand persons","Females","2,004",""
"2016","European Union (27 countries)","Less than 25 years","Thousand persons","Females","1,832",""
"2007","European Union (25 countries)","Less than 25 years","Thousand persons","Females","1,848",""
"2008","European Union (25 countries)","Less than 25 years","Thousand persons","Females","1,810",""
"2009","European Union (25 countries)","Less than 25 years","Thousand persons","Females","2,129",""
"2010","European Union (25 countries)","Less than 25 years","Thousand persons","Females","2,212",""
"2011","European Union (25 countries)","Less than 25 years","Thousand persons","Females","2,234",""
"2012","European Union (25 countries)","Less than 25 years","Thousand persons","Females","2,350",""
"2013","European Union (25 countries)","Less than 25 years","Thousand persons","Females","2,362",""
"2014","European Union (25 countries)","Less than 25 years","Thousand persons","Females","2,153",""
"2015","European Union (25 countries)","Less than 25 years","Thousand persons","Females","1,925",""
"2016","European Union (25 countries)","Less than 25 years","Thousand persons","Females","1,771",""
"2007","Euro area (EA11-2000, EA12-2006, EA13-2007, EA15-2008, EA16-2010, EA17-2013, EA18-2014, EA19)","Less than 25 years","Thousand persons","Females","1,214",""
"2008","Euro area (EA11-2000, EA12-2006, EA13-2007, EA15-2008, EA16-2010, EA17-2013, EA18-2014, EA19)","Less than 25 years","Thousand persons","Females","1,201",""
"2009","Euro area (EA11-2000, EA12-2006, EA13-2007, EA15-2008, EA16-2010, EA17-2013, EA18-2014, EA19)","Less than 25 years","Thousand persons","Females","1,425",""
"2010","Euro area (EA11-2000, EA12-2006, EA13-2007, EA15-2008, EA16-2010, EA17-2013, EA18-2014, EA19)","Less than 25 years","Thousand persons","Females","1,439",""
"2011","Euro area (EA11-2000, EA12-2006, EA13-2007, EA15-2008, EA16-2010, EA17-2013, EA18-2014, EA19)","Less than 25 years","Thousand persons","Females","1,457",""
"2012","Euro area (EA11-2000, EA12-2006, EA13-2007, EA15-2008, EA16-2010, EA17-2013, EA18-2014, EA19)","Less than 25 years","Thousand persons","Females","1,570",""
"2013","Euro area (EA11-2000, EA12-2006, EA13-2007, EA15-2008, EA16-2010, EA17-2013, EA18-2014, EA19)","Less than 25 years","Thousand persons","Females","1,602",""
"2014","Euro area (EA11-2000, EA12-2006, EA13-2007, EA15-2008, EA16-2010, EA17-2013, EA18-2014, EA19)","Less than 25 years","Thousand persons","Females","1,524",""
"2015","Euro area (EA11-2000, EA12-2006, EA13-2007, EA15-2008, EA16-2010, EA17-2013, EA18-2014, EA19)","Less than 25 years","Thousand persons","Females","1,404",""
"2016","Euro area (EA11-2000, EA12-2006, EA13-2007, EA15-2008, EA16-2010, EA17-2013, EA18-2014, EA19)","Less than 25 years","Thousand persons","Females","1,319",""
"2007","Euro area (19 countries)","Less than 25 years","Thousand persons","Females","1,257",""
"2008","Euro area (19 countries)","Less than 25 years","Thousand persons","Females","1,243",""
"2009","Euro area (19 countries)","Less than 25 years","Thousand persons","Females","1,461",""
"2010","Euro area (19 countries)","Less than 25 years","Thousand persons","Females","1,485",""
"2011","Euro area (19 countries)","Less than 25 years","Thousand persons","Females","1,485",""
"2012","Euro area (19 countries)","Less than 25 years","Thousand persons","Females","1,595",""
"2013","Euro area (19 countries)","Less than 25 years","Thousand persons","Females","1,623",""
"2014","Euro area (19 countries)","Less than 25 years","Thousand persons","Females","1,534",""
"2015","Euro area (19 countries)","Less than 25 years","Thousand persons","Females","1,404",""
"2016","Euro area (19 countries)","Less than 25 years","Thousand persons","Females","1,319",""
"2007","Euro area (18 countries)","Less than 25 years","Thousand persons","Females","1,251",""
"2008","Euro area (18 countries)","Less than 25 years","Thousand persons","Females","1,235",""
"2009","Euro area (18 countries)","Less than 25 years","Thousand persons","Females","1,448",""
"2010","Euro area (18 countries)","Less than 25 years","Thousand persons","Females","1,467",""
"2011","Euro area (18 countries)","Less than 25 years","Thousand persons","Females","1,471",""
"2012","Euro area (18 countries)","Less than 25 years","Thousand persons","Females","1,583",""
"2013","Euro area (18 countries)","Less than 25 years","Thousand persons","Females","1,613",""
"2014","Euro area (18 countries)","Less than 25 years","Thousand persons","Females","1,524",""
"2015","Euro area (18 countries)","Less than 25 years","Thousand persons","Females","1,395",""
"2016","Euro area (18 countries)","Less than 25 years","Thousand persons","Females","1,312",""
"2007","Belgium","Less than 25 years","Thousand persons","Females","42",""
"2008","Belgium","Less than 25 years","Thousand persons","Females","37",""
"2009","Belgium","Less than 25 years","Thousand persons","Females","43",""
"2010","Belgium","Less than 25 years","Thousand persons","Females","43",""
"2011","Belgium","Less than 25 years","Thousand persons","Females","36",""
"2012","Belgium","Less than 25 years","Thousand persons","Females","34",""
"2013","Belgium","Less than 25 years","Thousand persons","Females","42",""
"2014","Belgium","Less than 25 years","Thousand persons","Females","41",""
"2015","Belgium","Less than 25 years","Thousand persons","Females","35",""
"2016","Belgium","Less than 25 years","Thousand persons","Females","31",""
"2007","Bulgaria","Less than 25 years","Thousand persons","Females","20",""
"2008","Bulgaria","Less than 25 years","Thousand persons","Females","14",""
"2009","Bulgaria","Less than 25 years","Thousand persons","Females","16",""
"2010","Bulgaria","Less than 25 years","Thousand persons","Females","23","i"
"2011","Bulgaria","Less than 25 years","Thousand persons","Females","25",""
"2012","Bulgaria","Less than 25 years","Thousand persons","Females","26",""
"2013","Bulgaria","Less than 25 years","Thousand persons","Females","24",""
"2014","Bulgaria","Less than 25 years","Thousand persons","Females","19",""
"2015","Bulgaria","Less than 25 years","Thousand persons","Females","16",""
"2016","Bulgaria","Less than 25 years","Thousand persons","Females","11",""
"2007","Czech Republic","Less than 25 years","Thousand persons","Females","19",""
"2008","Czech Republic","Less than 25 years","Thousand persons","Females","17",""
"2009","Czech Republic","Less than 25 years","Thousand persons","Females","28",""
"2010","Czech Republic","Less than 25 years","Thousand persons","Females","29",""
"2011","Czech Republic","Less than 25 years","Thousand persons","Females","26",""
"2012","Czech Republic","Less than 25 years","Thousand persons","Females","29",""
"2013","Czech Republic","Less than 25 years","Thousand persons","Females","28",""
"2014","Czech Republic","Less than 25 years","Thousand persons","Females","24",""
"2015","Czech Republic","Less than 25 years","Thousand persons","Females","21",""
"2016","Czech Republic","Less than 25 years","Thousand persons","Females","15",""
"2007","Denmark","Less than 25 years","Thousand persons","Females","15",""
"2008","Denmark","Less than 25 years","Thousand persons","Females","19",""
"2009","Denmark","Less than 25 years","Thousand persons","Females","23",""
"2010","Denmark","Less than 25 years","Thousand persons","Females","26",""
"2011","Denmark","Less than 25 years","Thousand persons","Females","29",""
"2012","Denmark","Less than 25 years","Thousand persons","Females","30",""
"2013","Denmark","Less than 25 years","Thousand persons","Females","26",""
"2014","Denmark","Less than 25 years","Thousand persons","Females","25",""
"2015","Denmark","Less than 25 years","Thousand persons","Females","22",""
"2016","Denmark","Less than 25 years","Thousand persons","Females","26",""
"2007","Germany (until 1990 former territory of the FRG)","Less than 25 years","Thousand persons","Females","243",""
"2008","Germany (until 1990 former territory of the FRG)","Less than 25 years","Thousand persons","Females","218",""
"2009","Germany (until 1990 former territory of the FRG)","Less than 25 years","Thousand persons","Females","210",""
"2010","Germany (until 1990 former territory of the FRG)","Less than 25 years","Thousand persons","Females","184",""
"2011","Germany (until 1990 former territory of the FRG)","Less than 25 years","Thousand persons","Females","166",""
"2012","Germany (until 1990 former territory of the FRG)","Less than 25 years","Thousand persons","Females","147",""
"2013","Germany (until 1990 former territory of the FRG)","Less than 25 years","Thousand persons","Females","143",""
"2014","Germany (until 1990 former territory of the FRG)","Less than 25 years","Thousand persons","Females","138",""
"2015","Germany (until 1990 former territory of the FRG)","Less than 25 years","Thousand persons","Females","123",""
"2016","Germany (until 1990 former territory of the FRG)","Less than 25 years","Thousand persons","Females","118",""
"2007","Estonia","Less than 25 years","Thousand persons","Females","2",""
"2008","Estonia","Less than 25 years","Thousand persons","Females","4","i"
"2009","Estonia","Less than 25 years","Thousand persons","Females","7",""
"2010","Estonia","Less than 25 years","Thousand persons","Females","9",""
"2011","Estonia","Less than 25 years","Thousand persons","Females","6",""
"2012","Estonia","Less than 25 years","Thousand persons","Females","6",""
"2013","Estonia","Less than 25 years","Thousand persons","Females","6",""
"2014","Estonia","Less than 25 years","Thousand persons","Females","3",""
"2015","Estonia","Less than 25 years","Thousand persons","Females","3",""
"2016","Estonia","Less than 25 years","Thousand persons","Females","3",""
"2007","Ireland","Less than 25 years","Thousand persons","Females","14",""
"2008","Ireland","Less than 25 years","Thousand persons","Females","17",""
"2009","Ireland","Less than 25 years","Thousand persons","Females","26",""
"2010","Ireland","Less than 25 years","Thousand persons","Females","27",""
"2011","Ireland","Less than 25 years","Thousand persons","Females","26",""
"2012","Ireland","Less than 25 years","Thousand persons","Females","26",""
"2013","Ireland","Less than 25 years","Thousand persons","Females","24",""
"2014","Ireland","Less than 25 years","Thousand persons","Females","19",""
"2015","Ireland","Less than 25 years","Thousand persons","Females","15",""
"2016","Ireland","Less than 25 years","Thousand persons","Females","14",""
"2007","Greece","Less than 25 years","Thousand persons","Females","56",""
"2008","Greece","Less than 25 years","Thousand persons","Females","46",""
"2009","Greece","Less than 25 years","Thousand persons","Females","55",""
"2010","Greece","Less than 25 years","Thousand persons","Females","65",""
"2011","Greece","Less than 25 years","Thousand persons","Females","80",""
"2012","Greece","Less than 25 years","Thousand persons","Females","97",""
"2013","Greece","Less than 25 years","Thousand persons","Females","90",""
"2014","Greece","Less than 25 years","Thousand persons","Females","83",""
"2015","Greece","Less than 25 years","Thousand persons","Females","72",""
"2016","Greece","Less than 25 years","Thousand persons","Females","62",""
"2007","Spain","Less than 25 years","Thousand persons","Females","236",""
"2008","Spain","Less than 25 years","Thousand persons","Females","278",""
"2009","Spain","Less than 25 years","Thousand persons","Females","367",""
"2010","Spain","Less than 25 years","Thousand persons","Females","377",""
"2011","Spain","Less than 25 years","Thousand persons","Females","401",""
"2012","Spain","Less than 25 years","Thousand persons","Females","439",""
"2013","Spain","Less than 25 years","Thousand persons","Females","436",""
"2014","Spain","Less than 25 years","Thousand persons","Females","394",""
"2015","Spain","Less than 25 years","Thousand persons","Females","347",""
"2016","Spain","Less than 25 years","Thousand persons","Females","306",""
"2007","France","Less than 25 years","Thousand persons","Females","268",""
"2008","France","Less than 25 years","Thousand persons","Females","249",""
"2009","France","Less than 25 years","Thousand persons","Females","306",""
"2010","France","Less than 25 years","Thousand persons","Females","315",""
"2011","France","Less than 25 years","Thousand persons","Females","303",""
"2012","France","Less than 25 years","Thousand persons","Females","302",""
"2013","France","Less than 25 years","Thousand persons","Females","318",""
"2014","France","Less than 25 years","Thousand persons","Females","287",""
"2015","France","Less than 25 years","Thousand persons","Females","294",""
"2016","France","Less than 25 years","Thousand persons","Females","304",""
"2007","Croatia","Less than 25 years","Thousand persons","Females","24",""
"2008","Croatia","Less than 25 years","Thousand persons","Females","21",""
"2009","Croatia","Less than 25 years","Thousand persons","Females","21",""
"2010","Croatia","Less than 25 years","Thousand persons","Females","25",""
"2011","Croatia","Less than 25 years","Thousand persons","Females","24",""
"2012","Croatia","Less than 25 years","Thousand persons","Females","26",""
"2013","Croatia","Less than 25 years","Thousand persons","Females","31",""
"2014","Croatia","Less than 25 years","Thousand persons","Females","31",""
"2015","Croatia","Less than 25 years","Thousand persons","Females","29",""
"2016","Croatia","Less than 25 years","Thousand persons","Females","24",""
"2007","Italy","Less than 25 years","Thousand persons","Females","172",""
"2008","Italy","Less than 25 years","Thousand persons","Females","183",""
"2009","Italy","Less than 25 years","Thousand persons","Females","197",""
"2010","Italy","Less than 25 years","Thousand persons","Females","199",""
"2011","Italy","Less than 25 years","Thousand persons","Females","213",""
"2012","Italy","Less than 25 years","Thousand persons","Females","263",""
"2013","Italy","Less than 25 years","Thousand persons","Females","283",""
"2014","Italy","Less than 25 years","Thousand persons","Females","300",""
"2015","Italy","Less than 25 years","Thousand persons","Females","266",""
"2016","Italy","Less than 25 years","Thousand persons","Females","258",""
"2007","Cyprus","Less than 25 years","Thousand persons","Females","2",""
"2008","Cyprus","Less than 25 years","Thousand persons","Females","2",""
"2009","Cyprus","Less than 25 years","Thousand persons","Females","3",""
"2010","Cyprus","Less than 25 years","Thousand persons","Females","4",""
"2011","Cyprus","Less than 25 years","Thousand persons","Females","4",""
"2012","Cyprus","Less than 25 years","Thousand persons","Females","5",""
"2013","Cyprus","Less than 25 years","Thousand persons","Females","8",""
"2014","Cyprus","Less than 25 years","Thousand persons","Females","8",""
"2015","Cyprus","Less than 25 years","Thousand persons","Females","6",""
"2016","Cyprus","Less than 25 years","Thousand persons","Females","6",""
"2007","Latvia","Less than 25 years","Thousand persons","Females","6",""
"2008","Latvia","Less than 25 years","Thousand persons","Females","8",""
"2009","Latvia","Less than 25 years","Thousand persons","Females","16",""
"2010","Latvia","Less than 25 years","Thousand persons","Females","19",""
"2011","Latvia","Less than 25 years","Thousand persons","Females","14",""
"2012","Latvia","Less than 25 years","Thousand persons","Females","13",""
"2013","Latvia","Less than 25 years","Thousand persons","Females","10",""
"2014","Latvia","Less than 25 years","Thousand persons","Females","7",""
"2015","Latvia","Less than 25 years","Thousand persons","Females","5",""
"2016","Latvia","Less than 25 years","Thousand persons","Females","4",""
"2007","Lithuania","Less than 25 years","Thousand persons","Females","6",""
"2008","Lithuania","Less than 25 years","Thousand persons","Females","8",""
"2009","Lithuania","Less than 25 years","Thousand persons","Females","13",""
"2010","Lithuania","Less than 25 years","Thousand persons","Females","18",""
"2011","Lithuania","Less than 25 years","Thousand persons","Females","15",""
"2012","Lithuania","Less than 25 years","Thousand persons","Females","12",""
"2013","Lithuania","Less than 25 years","Thousand persons","Females","11",""
"2014","Lithuania","Less than 25 years","Thousand persons","Females","10",""
"2015","Lithuania","Less than 25 years","Thousand persons","Females","9",""
"2016","Lithuania","Less than 25 years","Thousand persons","Females","7",""
"2007","Luxembourg","Less than 25 years","Thousand persons","Females","1",""
"2008","Luxembourg","Less than 25 years","Thousand persons","Females","2",""
"2009","Luxembourg","Less than 25 years","Thousand persons","Females","1",""
"2010","Luxembourg","Less than 25 years","Thousand persons","Females","1",""
"2011","Luxembourg","Less than 25 years","Thousand persons","Females","1",""
"2012","Luxembourg","Less than 25 years","Thousand persons","Females","1",""
"2013","Luxembourg","Less than 25 years","Thousand persons","Females","1",""
"2014","Luxembourg","Less than 25 years","Thousand persons","Females","1",""
"2015","Luxembourg","Less than 25 years","Thousand persons","Females","2",""
"2016","Luxembourg","Less than 25 years","Thousand persons","Females","2",""
"2007","Hungary","Less than 25 years","Thousand persons","Females","25",""
"2008","Hungary","Less than 25 years","Thousand persons","Females","26","i"
"2009","Hungary","Less than 25 years","Thousand persons","Females","31",""
"2010","Hungary","Less than 25 years","Thousand persons","Females","32",""
"2011","Hungary","Less than 25 years","Thousand persons","Females","31",""
"2012","Hungary","Less than 25 years","Thousand persons","Females","36",""
"2013","Hungary","Less than 25 years","Thousand persons","Females","37",""
"2014","Hungary","Less than 25 years","Thousand persons","Females","30",""
"2015","Hungary","Less than 25 years","Thousand persons","Females","24",""
"2016","Hungary","Less than 25 years","Thousand persons","Females","19",""
"2007","Malta","Less than 25 years","Thousand persons","Females","2",""
"2008","Malta","Less than 25 years","Thousand persons","Females","1",""
"2009","Malta","Less than 25 years","Thousand persons","Females","2",""
"2010","Malta","Less than 25 years","Thousand persons","Females","2",""
"2011","Malta","Less than 25 years","Thousand persons","Females","2",""
"2012","Malta","Less than 25 years","Thousand persons","Females","2",""
"2013","Malta","Less than 25 years","Thousand persons","Females","1",""
"2014","Malta","Less than 25 years","Thousand persons","Females","1",""
"2015","Malta","Less than 25 years","Thousand persons","Females","1",""
"2016","Malta","Less than 25 years","Thousand persons","Females","1",""
"2007","Netherlands","Less than 25 years","Thousand persons","Females","61",""
"2008","Netherlands","Less than 25 years","Thousand persons","Females","53",""
"2009","Netherlands","Less than 25 years","Thousand persons","Females","61",""
"2010","Netherlands","Less than 25 years","Thousand persons","Females","69",""
"2011","Netherlands","Less than 25 years","Thousand persons","Females","65",""
"2012","Netherlands","Less than 25 years","Thousand persons","Females","82",""
"2013","Netherlands","Less than 25 years","Thousand persons","Females","90",""
"2014","Netherlands","Less than 25 years","Thousand persons","Females","89",""
"2015","Netherlands","Less than 25 years","Thousand persons","Females","78",""
"2016","Netherlands","Less than 25 years","Thousand persons","Females","72",""
"2007","Austria","Less than 25 years","Thousand persons","Females","27",""
"2008","Austria","Less than 25 years","Thousand persons","Females","24",""
"2009","Austria","Less than 25 years","Thousand persons","Females","28",""
"2010","Austria","Less than 25 years","Thousand persons","Females","25",""
"2011","Austria","Less than 25 years","Thousand persons","Females","25",""
"2012","Austria","Less than 25 years","Thousand persons","Females","25",""
"2013","Austria","Less than 25 years","Thousand persons","Females","27",""
"2014","Austria","Less than 25 years","Thousand persons","Females","27",""
"2015","Austria","Less than 25 years","Thousand persons","Females","26",""
"2016","Austria","Less than 25 years","Thousand persons","Females","27",""
"2007","Poland","Less than 25 years","Thousand persons","Females","191",""
"2008","Poland","Less than 25 years","Thousand persons","Females","154",""
"2009","Poland","Less than 25 years","Thousand persons","Females","157","i"
"2010","Poland","Less than 25 years","Thousand persons","Females","185",""
"2011","Poland","Less than 25 years","Thousand persons","Females","191",""
"2012","Poland","Less than 25 years","Thousand persons","Females","192",""
"2013","Poland","Less than 25 years","Thousand persons","Females","183",""
"2014","Poland","Less than 25 years","Thousand persons","Females","153",""
"2015","Poland","Less than 25 years","Thousand persons","Females","115",""
"2016","Poland","Less than 25 years","Thousand persons","Females","101",""
"2007","Portugal","Less than 25 years","Thousand persons","Females","60",""
"2008","Portugal","Less than 25 years","Thousand persons","Females","59",""
"2009","Portugal","Less than 25 years","Thousand persons","Females","60",""
"2010","Portugal","Less than 25 years","Thousand persons","Females","62",""
"2011","Portugal","Less than 25 years","Thousand persons","Females","64",""
"2012","Portugal","Less than 25 years","Thousand persons","Females","77",""
"2013","Portugal","Less than 25 years","Thousand persons","Females","74",""
"2014","Portugal","Less than 25 years","Thousand persons","Females","66",""
"2015","Portugal","Less than 25 years","Thousand persons","Females","61",""
"2016","Portugal","Less than 25 years","Thousand persons","Females","49",""
"2007","Romania","Less than 25 years","Thousand persons","Females","70",""
"2008","Romania","Less than 25 years","Thousand persons","Females","61",""
"2009","Romania","Less than 25 years","Thousand persons","Females","64",""
"2010","Romania","Less than 25 years","Thousand persons","Females","69",""
"2011","Romania","Less than 25 years","Thousand persons","Females","74",""
"2012","Romania","Less than 25 years","Thousand persons","Females","69",""
"2013","Romania","Less than 25 years","Thousand persons","Females","69",""
"2014","Romania","Less than 25 years","Thousand persons","Females","65",""
"2015","Romania","Less than 25 years","Thousand persons","Females","62",""
"2016","Romania","Less than 25 years","Thousand persons","Females","50",""
"2007","Slovenia","Less than 25 years","Thousand persons","Females","5",""
"2008","Slovenia","Less than 25 years","Thousand persons","Females","5",""
"2009","Slovenia","Less than 25 years","Thousand persons","Females","6",""
"2010","Slovenia","Less than 25 years","Thousand persons","Females","5",""
"2011","Slovenia","Less than 25 years","Thousand persons","Females","6",""
"2012","Slovenia","Less than 25 years","Thousand persons","Females","7",""
"2013","Slovenia","Less than 25 years","Thousand persons","Females","7",""
"2014","Slovenia","Less than 25 years","Thousand persons","Females","7",""
"2015","Slovenia","Less than 25 years","Thousand persons","Females","5",""
"2016","Slovenia","Less than 25 years","Thousand persons","Females","4",""
"2007","Slovakia","Less than 25 years","Thousand persons","Females","26",""
"2008","Slovakia","Less than 25 years","Thousand persons","Females","22",""
"2009","Slovakia","Less than 25 years","Thousand persons","Females","27",""
"2010","Slovakia","Less than 25 years","Thousand persons","Females","32",""
"2011","Slovakia","Less than 25 years","Thousand persons","Females","29","i"
"2012","Slovakia","Less than 25 years","Thousand persons","Females","27",""
"2013","Slovakia","Less than 25 years","Thousand persons","Females","26",""
"2014","Slovakia","Less than 25 years","Thousand persons","Females","24",""
"2015","Slovakia","Less than 25 years","Thousand persons","Females","22",""
"2016","Slovakia","Less than 25 years","Thousand persons","Females","20",""
"2007","Finland","Less than 25 years","Thousand persons","Females","29",""
"2008","Finland","Less than 25 years","Thousand persons","Females","27",""
"2009","Finland","Less than 25 years","Thousand persons","Females","31",""
"2010","Finland","Less than 25 years","Thousand persons","Females","30",""
"2011","Finland","Less than 25 years","Thousand persons","Females","30",""
"2012","Finland","Less than 25 years","Thousand persons","Females","30",""
"2013","Finland","Less than 25 years","Thousand persons","Females","29",""
"2014","Finland","Less than 25 years","Thousand persons","Females","31",""
"2015","Finland","Less than 25 years","Thousand persons","Females","33",""
"2016","Finland","Less than 25 years","Thousand persons","Females","31",""
"2007","Sweden","Less than 25 years","Thousand persons","Females","60",""
"2008","Sweden","Less than 25 years","Thousand persons","Females","65",""
"2009","Sweden","Less than 25 years","Thousand persons","Females","72",""
"2010","Sweden","Less than 25 years","Thousand persons","Females","73",""
"2011","Sweden","Less than 25 years","Thousand persons","Females","71",""
"2012","Sweden","Less than 25 years","Thousand persons","Females","71",""
"2013","Sweden","Less than 25 years","Thousand persons","Females","73",""
"2014","Sweden","Less than 25 years","Thousand persons","Females","70",""
"2015","Sweden","Less than 25 years","Thousand persons","Females","63",""
"2016","Sweden","Less than 25 years","Thousand persons","Females","54",""
"2007","United Kingdom","Less than 25 years","Thousand persons","Females","282",""
"2008","United Kingdom","Less than 25 years","Thousand persons","Females","287",""
"2009","United Kingdom","Less than 25 years","Thousand persons","Females","356",""
"2010","United Kingdom","Less than 25 years","Thousand persons","Females","382",""
"2011","United Kingdom","Less than 25 years","Thousand persons","Females","402",""
"2012","United Kingdom","Less than 25 years","Thousand persons","Females","397",""
"2013","United Kingdom","Less than 25 years","Thousand persons","Females","393",""
"2014","United Kingdom","Less than 25 years","Thousand persons","Females","317",""
"2015","United Kingdom","Less than 25 years","Thousand persons","Females","279",""
"2016","United Kingdom","Less than 25 years","Thousand persons","Females","237",""
"2007","Iceland","Less than 25 years","Thousand persons","Females","936",""
"2008","Iceland","Less than 25 years","Thousand persons","Females","1,154",""
"2009","Iceland","Less than 25 years","Thousand persons","Females","1,799",""
"2010","Iceland","Less than 25 years","Thousand persons","Females","2,140",""
"2011","Iceland","Less than 25 years","Thousand persons","Females","1,618",""
"2012","Iceland","Less than 25 years","Thousand persons","Females","1,915",""
"2013","Iceland","Less than 25 years","Thousand persons","Females","1,264",""
"2014","Iceland","Less than 25 years","Thousand persons","Females","1,084",""
"2015","Iceland","Less than 25 years","Thousand persons","Females","1,086",""
"2016","Iceland","Less than 25 years","Thousand persons","Females","999",""
"2007","Norway","Less than 25 years","Thousand persons","Females","11",""
"2008","Norway","Less than 25 years","Thousand persons","Females","12",""
"2009","Norway","Less than 25 years","Thousand persons","Females","14",""
"2010","Norway","Less than 25 years","Thousand persons","Females","13",""
"2011","Norway","Less than 25 years","Thousand persons","Females","14",""
"2012","Norway","Less than 25 years","Thousand persons","Females","14",""
"2013","Norway","Less than 25 years","Thousand persons","Females","14",""
"2014","Norway","Less than 25 years","Thousand persons","Females","12",""
"2015","Norway","Less than 25 years","Thousand persons","Females","16",""
"2016","Norway","Less than 25 years","Thousand persons","Females","16",""
"2007","Turkey","Less than 25 years","Thousand persons","Females",":",""
"2008","Turkey","Less than 25 years","Thousand persons","Females",":",""
"2009","Turkey","Less than 25 years","Thousand persons","Females",":",""
"2010","Turkey","Less than 25 years","Thousand persons","Females",":",""
"2011","Turkey","Less than 25 years","Thousand persons","Females",":",""
"2012","Turkey","Less than 25 years","Thousand persons","Females",":",""
"2013","Turkey","Less than 25 years","Thousand persons","Females",":",""
"2014","Turkey","Less than 25 years","Thousand persons","Females",":",""
"2015","Turkey","Less than 25 years","Thousand persons","Females",":",""
"2016","Turkey","Less than 25 years","Thousand persons","Females",":",""
"2007","United States","Less than 25 years","Thousand persons","Females","998",""
"2008","United States","Less than 25 years","Thousand persons","Females","1,174",""
"2009","United States","Less than 25 years","Thousand persons","Females","1,532",""
"2010","United States","Less than 25 years","Thousand persons","Females","1,596",""
"2011","United States","Less than 25 years","Thousand persons","Females","1,573",""
"2012","United States","Less than 25 years","Thousand persons","Females","1,501",""
"2013","United States","Less than 25 years","Thousand persons","Females","1,434",""
"2014","United States","Less than 25 years","Thousand persons","Females","1,252",""
"2015","United States","Less than 25 years","Thousand persons","Females","1,071",""
"2016","United States","Less than 25 years","Thousand persons","Females","958",""
"2007","Japan","Less than 25 years","Thousand persons","Females","213",""
"2008","Japan","Less than 25 years","Thousand persons","Females","195",""
"2009","Japan","Less than 25 years","Thousand persons","Females","236",""
"2010","Japan","Less than 25 years","Thousand persons","Females","223",""
"2011","Japan","Less than 25 years","Thousand persons","Females","186","b"
"2012","Japan","Less than 25 years","Thousand persons","Females","187",""
"2013","Japan","Less than 25 years","Thousand persons","Females","155",""
"2014","Japan","Less than 25 years","Thousand persons","Females","142",""
"2015","Japan","Less than 25 years","Thousand persons","Females","131",""
"2016","Japan","Less than 25 years","Thousand persons","Females","118",""
