"TIME","GEO","AGE","UNIT","SEX","Value","Flag and Footnotes"
"2007","European Union (28 countries)","From 25 to 74 years","Thousand persons","Males","6,349",""
"2008","European Union (28 countries)","From 25 to 74 years","Thousand persons","Males","6,353",""
"2009","European Union (28 countries)","From 25 to 74 years","Thousand persons","Males","8,752",""
"2010","European Union (28 countries)","From 25 to 74 years","Thousand persons","Males","9,569",""
"2011","European Union (28 countries)","From 25 to 74 years","Thousand persons","Males","9,493",""
"2012","European Union (28 countries)","From 25 to 74 years","Thousand persons","Males","10,492",""
"2013","European Union (28 countries)","From 25 to 74 years","Thousand persons","Males","11,043",""
"2014","European Union (28 countries)","From 25 to 74 years","Thousand persons","Males","10,406",""
"2015","European Union (28 countries)","From 25 to 74 years","Thousand persons","Males","9,636",""
"2016","European Union (28 countries)","From 25 to 74 years","Thousand persons","Males","8,671",""
"2007","European Union (27 countries)","From 25 to 74 years","Thousand persons","Males","6,282",""
"2008","European Union (27 countries)","From 25 to 74 years","Thousand persons","Males","6,301",""
"2009","European Union (27 countries)","From 25 to 74 years","Thousand persons","Males","8,694",""
"2010","European Union (27 countries)","From 25 to 74 years","Thousand persons","Males","9,487",""
"2011","European Union (27 countries)","From 25 to 74 years","Thousand persons","Males","9,389",""
"2012","European Union (27 countries)","From 25 to 74 years","Thousand persons","Males","10,370",""
"2013","European Union (27 countries)","From 25 to 74 years","Thousand persons","Males","10,912",""
"2014","European Union (27 countries)","From 25 to 74 years","Thousand persons","Males","10,280",""
"2015","European Union (27 countries)","From 25 to 74 years","Thousand persons","Males","9,517",""
"2016","European Union (27 countries)","From 25 to 74 years","Thousand persons","Males","8,578",""
"2007","European Union (25 countries)","From 25 to 74 years","Thousand persons","Males","5,905",""
"2008","European Union (25 countries)","From 25 to 74 years","Thousand persons","Males","5,960",""
"2009","European Union (25 countries)","From 25 to 74 years","Thousand persons","Males","8,299",""
"2010","European Union (25 countries)","From 25 to 74 years","Thousand persons","Males","9,031",""
"2011","European Union (25 countries)","From 25 to 74 years","Thousand persons","Males","8,920",""
"2012","European Union (25 countries)","From 25 to 74 years","Thousand persons","Males","9,889",""
"2013","European Union (25 countries)","From 25 to 74 years","Thousand persons","Males","10,402",""
"2014","European Union (25 countries)","From 25 to 74 years","Thousand persons","Males","9,799",""
"2015","European Union (25 countries)","From 25 to 74 years","Thousand persons","Males","9,057",""
"2016","European Union (25 countries)","From 25 to 74 years","Thousand persons","Males","8,189",""
"2007","Euro area (EA11-2000, EA12-2006, EA13-2007, EA15-2008, EA16-2010, EA17-2013, EA18-2014, EA19)","From 25 to 74 years","Thousand persons","Males","4,221",""
"2008","Euro area (EA11-2000, EA12-2006, EA13-2007, EA15-2008, EA16-2010, EA17-2013, EA18-2014, EA19)","From 25 to 74 years","Thousand persons","Males","4,407",""
"2009","Euro area (EA11-2000, EA12-2006, EA13-2007, EA15-2008, EA16-2010, EA17-2013, EA18-2014, EA19)","From 25 to 74 years","Thousand persons","Males","6,108",""
"2010","Euro area (EA11-2000, EA12-2006, EA13-2007, EA15-2008, EA16-2010, EA17-2013, EA18-2014, EA19)","From 25 to 74 years","Thousand persons","Males","6,571",""
"2011","Euro area (EA11-2000, EA12-2006, EA13-2007, EA15-2008, EA16-2010, EA17-2013, EA18-2014, EA19)","From 25 to 74 years","Thousand persons","Males","6,651",""
"2012","Euro area (EA11-2000, EA12-2006, EA13-2007, EA15-2008, EA16-2010, EA17-2013, EA18-2014, EA19)","From 25 to 74 years","Thousand persons","Males","7,634",""
"2013","Euro area (EA11-2000, EA12-2006, EA13-2007, EA15-2008, EA16-2010, EA17-2013, EA18-2014, EA19)","From 25 to 74 years","Thousand persons","Males","8,202",""
"2014","Euro area (EA11-2000, EA12-2006, EA13-2007, EA15-2008, EA16-2010, EA17-2013, EA18-2014, EA19)","From 25 to 74 years","Thousand persons","Males","7,968",""
"2015","Euro area (EA11-2000, EA12-2006, EA13-2007, EA15-2008, EA16-2010, EA17-2013, EA18-2014, EA19)","From 25 to 74 years","Thousand persons","Males","7,516",""
"2016","Euro area (EA11-2000, EA12-2006, EA13-2007, EA15-2008, EA16-2010, EA17-2013, EA18-2014, EA19)","From 25 to 74 years","Thousand persons","Males","6,840",""
"2007","Euro area (19 countries)","From 25 to 74 years","Thousand persons","Males","4,410",""
"2008","Euro area (19 countries)","From 25 to 74 years","Thousand persons","Males","4,589",""
"2009","Euro area (19 countries)","From 25 to 74 years","Thousand persons","Males","6,343",""
"2010","Euro area (19 countries)","From 25 to 74 years","Thousand persons","Males","6,850",""
"2011","Euro area (19 countries)","From 25 to 74 years","Thousand persons","Males","6,836",""
"2012","Euro area (19 countries)","From 25 to 74 years","Thousand persons","Males","7,791",""
"2013","Euro area (19 countries)","From 25 to 74 years","Thousand persons","Males","8,333",""
"2014","Euro area (19 countries)","From 25 to 74 years","Thousand persons","Males","8,043",""
"2015","Euro area (19 countries)","From 25 to 74 years","Thousand persons","Males","7,516",""
"2016","Euro area (19 countries)","From 25 to 74 years","Thousand persons","Males","6,840",""
"2007","Euro area (18 countries)","From 25 to 74 years","Thousand persons","Males","4,383",""
"2008","Euro area (18 countries)","From 25 to 74 years","Thousand persons","Males","4,554",""
"2009","Euro area (18 countries)","From 25 to 74 years","Thousand persons","Males","6,241",""
"2010","Euro area (18 countries)","From 25 to 74 years","Thousand persons","Males","6,720",""
"2011","Euro area (18 countries)","From 25 to 74 years","Thousand persons","Males","6,729",""
"2012","Euro area (18 countries)","From 25 to 74 years","Thousand persons","Males","7,701",""
"2013","Euro area (18 countries)","From 25 to 74 years","Thousand persons","Males","8,254",""
"2014","Euro area (18 countries)","From 25 to 74 years","Thousand persons","Males","7,968",""
"2015","Euro area (18 countries)","From 25 to 74 years","Thousand persons","Males","7,453",""
"2016","Euro area (18 countries)","From 25 to 74 years","Thousand persons","Males","6,785",""
"2007","Belgium","From 25 to 74 years","Thousand persons","Males","134",""
"2008","Belgium","From 25 to 74 years","Thousand persons","Males","129",""
"2009","Belgium","From 25 to 74 years","Thousand persons","Males","154",""
"2010","Belgium","From 25 to 74 years","Thousand persons","Males","164",""
"2011","Belgium","From 25 to 74 years","Thousand persons","Males","146",""
"2012","Belgium","From 25 to 74 years","Thousand persons","Males","156",""
"2013","Belgium","From 25 to 74 years","Thousand persons","Males","176",""
"2014","Belgium","From 25 to 74 years","Thousand persons","Males","190",""
"2015","Belgium","From 25 to 74 years","Thousand persons","Males","191",""
"2016","Belgium","From 25 to 74 years","Thousand persons","Males","172",""
"2007","Bulgaria","From 25 to 74 years","Thousand persons","Males","99",""
"2008","Bulgaria","From 25 to 74 years","Thousand persons","Males","82",""
"2009","Bulgaria","From 25 to 74 years","Thousand persons","Males","102",""
"2010","Bulgaria","From 25 to 74 years","Thousand persons","Males","162","i"
"2011","Bulgaria","From 25 to 74 years","Thousand persons","Males","180",""
"2012","Bulgaria","From 25 to 74 years","Thousand persons","Males","198",""
"2013","Bulgaria","From 25 to 74 years","Thousand persons","Males","209",""
"2014","Bulgaria","From 25 to 74 years","Thousand persons","Males","193",""
"2015","Bulgaria","From 25 to 74 years","Thousand persons","Males","151",""
"2016","Bulgaria","From 25 to 74 years","Thousand persons","Males","125",""
"2007","Czech Republic","From 25 to 74 years","Thousand persons","Males","97",""
"2008","Czech Republic","From 25 to 74 years","Thousand persons","Males","78",""
"2009","Czech Republic","From 25 to 74 years","Thousand persons","Males","133",""
"2010","Czech Republic","From 25 to 74 years","Thousand persons","Males","147",""
"2011","Czech Republic","From 25 to 74 years","Thousand persons","Males","130",""
"2012","Czech Republic","From 25 to 74 years","Thousand persons","Males","134",""
"2013","Czech Republic","From 25 to 74 years","Thousand persons","Males","136",""
"2014","Czech Republic","From 25 to 74 years","Thousand persons","Males","119",""
"2015","Czech Republic","From 25 to 74 years","Thousand persons","Males","102",""
"2016","Czech Republic","From 25 to 74 years","Thousand persons","Males","81",""
"2007","Denmark","From 25 to 74 years","Thousand persons","Males","36",""
"2008","Denmark","From 25 to 74 years","Thousand persons","Males","32",""
"2009","Denmark","From 25 to 74 years","Thousand persons","Males","71",""
"2010","Denmark","From 25 to 74 years","Thousand persons","Males","92",""
"2011","Denmark","From 25 to 74 years","Thousand persons","Males","81",""
"2012","Denmark","From 25 to 74 years","Thousand persons","Males","81",""
"2013","Denmark","From 25 to 74 years","Thousand persons","Males","70",""
"2014","Denmark","From 25 to 74 years","Thousand persons","Males","67",""
"2015","Denmark","From 25 to 74 years","Thousand persons","Males","66",""
"2016","Denmark","From 25 to 74 years","Thousand persons","Males","60",""
"2007","Germany (until 1990 former territory of the FRG)","From 25 to 74 years","Thousand persons","Males","1,538",""
"2008","Germany (until 1990 former territory of the FRG)","From 25 to 74 years","Thousand persons","Males","1,334",""
"2009","Germany (until 1990 former territory of the FRG)","From 25 to 74 years","Thousand persons","Males","1,447",""
"2010","Germany (until 1990 former territory of the FRG)","From 25 to 74 years","Thousand persons","Males","1,358",""
"2011","Germany (until 1990 former territory of the FRG)","From 25 to 74 years","Thousand persons","Males","1,112",""
"2012","Germany (until 1990 former territory of the FRG)","From 25 to 74 years","Thousand persons","Males","1,031",""
"2013","Germany (until 1990 former territory of the FRG)","From 25 to 74 years","Thousand persons","Males","1,034",""
"2014","Germany (until 1990 former territory of the FRG)","From 25 to 74 years","Thousand persons","Males","998",""
"2015","Germany (until 1990 former territory of the FRG)","From 25 to 74 years","Thousand persons","Males","950",""
"2016","Germany (until 1990 former territory of the FRG)","From 25 to 74 years","Thousand persons","Males","850",""
"2007","Estonia","From 25 to 74 years","Thousand persons","Males","14",""
"2008","Estonia","From 25 to 74 years","Thousand persons","Males","15","i"
"2009","Estonia","From 25 to 74 years","Thousand persons","Males","45",""
"2010","Estonia","From 25 to 74 years","Thousand persons","Males","53",""
"2011","Estonia","From 25 to 74 years","Thousand persons","Males","36",""
"2012","Estonia","From 25 to 74 years","Thousand persons","Males","30",""
"2013","Estonia","From 25 to 74 years","Thousand persons","Males","26",""
"2014","Estonia","From 25 to 74 years","Thousand persons","Males","21",""
"2015","Estonia","From 25 to 74 years","Thousand persons","Males","17",""
"2016","Estonia","From 25 to 74 years","Thousand persons","Males","22",""
"2007","Ireland","From 25 to 74 years","Thousand persons","Males","44",""
"2008","Ireland","From 25 to 74 years","Thousand persons","Males","67",""
"2009","Ireland","From 25 to 74 years","Thousand persons","Males","138",""
"2010","Ireland","From 25 to 74 years","Thousand persons","Males","161",""
"2011","Ireland","From 25 to 74 years","Thousand persons","Males","169",""
"2012","Ireland","From 25 to 74 years","Thousand persons","Males","168",""
"2013","Ireland","From 25 to 74 years","Thousand persons","Males","145",""
"2014","Ireland","From 25 to 74 years","Thousand persons","Males","125",""
"2015","Ireland","From 25 to 74 years","Thousand persons","Males","105",""
"2016","Ireland","From 25 to 74 years","Thousand persons","Males","88",""
"2007","Greece","From 25 to 74 years","Thousand persons","Males","119",""
"2008","Greece","From 25 to 74 years","Thousand persons","Males","115",""
"2009","Greece","From 25 to 74 years","Thousand persons","Males","164",""
"2010","Greece","From 25 to 74 years","Thousand persons","Males","238",""
"2011","Greece","From 25 to 74 years","Thousand persons","Males","355",""
"2012","Greece","From 25 to 74 years","Thousand persons","Males","510",""
"2013","Greece","From 25 to 74 years","Thousand persons","Males","576",""
"2014","Greece","From 25 to 74 years","Thousand persons","Males","558",""
"2015","Greece","From 25 to 74 years","Thousand persons","Males","512",""
"2016","Greece","From 25 to 74 years","Thousand persons","Males","466",""
"2007","Spain","From 25 to 74 years","Thousand persons","Males","617",""
"2008","Spain","From 25 to 74 years","Thousand persons","Males","1,003",""
"2009","Spain","From 25 to 74 years","Thousand persons","Males","1,820",""
"2010","Spain","From 25 to 74 years","Thousand persons","Males","2,055",""
"2011","Spain","From 25 to 74 years","Thousand persons","Males","2,213",""
"2012","Spain","From 25 to 74 years","Thousand persons","Males","2,614",""
"2013","Spain","From 25 to 74 years","Thousand persons","Males","2,690",""
"2014","Spain","From 25 to 74 years","Thousand persons","Males","2,460",""
"2015","Spain","From 25 to 74 years","Thousand persons","Males","2,155",""
"2016","Spain","From 25 to 74 years","Thousand persons","Males","1,863",""
"2007","France","From 25 to 74 years","Thousand persons","Males","825",""
"2008","France","From 25 to 74 years","Thousand persons","Males","746",""
"2009","France","From 25 to 74 years","Thousand persons","Males","955",""
"2010","France","From 25 to 74 years","Thousand persons","Males","999",""
"2011","France","From 25 to 74 years","Thousand persons","Males","998",""
"2012","France","From 25 to 74 years","Thousand persons","Males","1,109",""
"2013","France","From 25 to 74 years","Thousand persons","Males","1,211",""
"2014","France","From 25 to 74 years","Thousand persons","Males","1,231",""
"2015","France","From 25 to 74 years","Thousand persons","Males","1,263",""
"2016","France","From 25 to 74 years","Thousand persons","Males","1,194",""
"2007","Croatia","From 25 to 74 years","Thousand persons","Males","67",""
"2008","Croatia","From 25 to 74 years","Thousand persons","Males","52",""
"2009","Croatia","From 25 to 74 years","Thousand persons","Males","57",""
"2010","Croatia","From 25 to 74 years","Thousand persons","Males","82",""
"2011","Croatia","From 25 to 74 years","Thousand persons","Males","104",""
"2012","Croatia","From 25 to 74 years","Thousand persons","Males","122",""
"2013","Croatia","From 25 to 74 years","Thousand persons","Males","131",""
"2014","Croatia","From 25 to 74 years","Thousand persons","Males","125",""
"2015","Croatia","From 25 to 74 years","Thousand persons","Males","119",""
"2016","Croatia","From 25 to 74 years","Thousand persons","Males","93",""
"2007","Italy","From 25 to 74 years","Thousand persons","Males","508",""
"2008","Italy","From 25 to 74 years","Thousand persons","Males","599",""
"2009","Italy","From 25 to 74 years","Thousand persons","Males","736",""
"2010","Italy","From 25 to 74 years","Thousand persons","Males","814",""
"2011","Italy","From 25 to 74 years","Thousand persons","Males","825",""
"2012","Italy","From 25 to 74 years","Thousand persons","Males","1,093",""
"2013","Italy","From 25 to 74 years","Thousand persons","Males","1,306",""
"2014","Italy","From 25 to 74 years","Thousand persons","Males","1,350",""
"2015","Italy","From 25 to 74 years","Thousand persons","Males","1,309",""
"2016","Italy","From 25 to 74 years","Thousand persons","Males","1,282",""
"2007","Cyprus","From 25 to 74 years","Thousand persons","Males","5",""
"2008","Cyprus","From 25 to 74 years","Thousand persons","Males","5",""
"2009","Cyprus","From 25 to 74 years","Thousand persons","Males","9",""
"2010","Cyprus","From 25 to 74 years","Thousand persons","Males","10",""
"2011","Cyprus","From 25 to 74 years","Thousand persons","Males","14",""
"2012","Cyprus","From 25 to 74 years","Thousand persons","Males","23",""
"2013","Cyprus","From 25 to 74 years","Thousand persons","Males","29",""
"2014","Cyprus","From 25 to 74 years","Thousand persons","Males","30",""
"2015","Cyprus","From 25 to 74 years","Thousand persons","Males","27",""
"2016","Cyprus","From 25 to 74 years","Thousand persons","Males","23",""
"2007","Latvia","From 25 to 74 years","Thousand persons","Males","28",""
"2008","Latvia","From 25 to 74 years","Thousand persons","Males","37",""
"2009","Latvia","From 25 to 74 years","Thousand persons","Males","88",""
"2010","Latvia","From 25 to 74 years","Thousand persons","Males","95",""
"2011","Latvia","From 25 to 74 years","Thousand persons","Males","77",""
"2012","Latvia","From 25 to 74 years","Thousand persons","Males","67",""
"2013","Latvia","From 25 to 74 years","Thousand persons","Males","52",""
"2014","Latvia","From 25 to 74 years","Thousand persons","Males","49",""
"2015","Latvia","From 25 to 74 years","Thousand persons","Males","47",""
"2016","Latvia","From 25 to 74 years","Thousand persons","Males","45",""
"2007","Lithuania","From 25 to 74 years","Thousand persons","Males","27",""
"2008","Lithuania","From 25 to 74 years","Thousand persons","Males","35",""
"2009","Lithuania","From 25 to 74 years","Thousand persons","Males","102",""
"2010","Lithuania","From 25 to 74 years","Thousand persons","Males","130",""
"2011","Lithuania","From 25 to 74 years","Thousand persons","Males","107",""
"2012","Lithuania","From 25 to 74 years","Thousand persons","Males","90",""
"2013","Lithuania","From 25 to 74 years","Thousand persons","Males","79",""
"2014","Lithuania","From 25 to 74 years","Thousand persons","Males","75",""
"2015","Lithuania","From 25 to 74 years","Thousand persons","Males","62",""
"2016","Lithuania","From 25 to 74 years","Thousand persons","Males","55",""
"2007","Luxembourg","From 25 to 74 years","Thousand persons","Males","3",""
"2008","Luxembourg","From 25 to 74 years","Thousand persons","Males","4",""
"2009","Luxembourg","From 25 to 74 years","Thousand persons","Males","4",""
"2010","Luxembourg","From 25 to 74 years","Thousand persons","Males","4",""
"2011","Luxembourg","From 25 to 74 years","Thousand persons","Males","4",""
"2012","Luxembourg","From 25 to 74 years","Thousand persons","Males","5",""
"2013","Luxembourg","From 25 to 74 years","Thousand persons","Males","6",""
"2014","Luxembourg","From 25 to 74 years","Thousand persons","Males","6",""
"2015","Luxembourg","From 25 to 74 years","Thousand persons","Males","7",""
"2016","Luxembourg","From 25 to 74 years","Thousand persons","Males","7",""
"2007","Hungary","From 25 to 74 years","Thousand persons","Males","132",""
"2008","Hungary","From 25 to 74 years","Thousand persons","Males","140","i"
"2009","Hungary","From 25 to 74 years","Thousand persons","Males","184",""
"2010","Hungary","From 25 to 74 years","Thousand persons","Males","215",""
"2011","Hungary","From 25 to 74 years","Thousand persons","Males","208",""
"2012","Hungary","From 25 to 74 years","Thousand persons","Males","214",""
"2013","Hungary","From 25 to 74 years","Thousand persons","Males","193",""
"2014","Hungary","From 25 to 74 years","Thousand persons","Males","144",""
"2015","Hungary","From 25 to 74 years","Thousand persons","Males","127",""
"2016","Hungary","From 25 to 74 years","Thousand persons","Males","102",""
"2007","Malta","From 25 to 74 years","Thousand persons","Males","4",""
"2008","Malta","From 25 to 74 years","Thousand persons","Males","4",""
"2009","Malta","From 25 to 74 years","Thousand persons","Males","5",""
"2010","Malta","From 25 to 74 years","Thousand persons","Males","5",""
"2011","Malta","From 25 to 74 years","Thousand persons","Males","5",""
"2012","Malta","From 25 to 74 years","Thousand persons","Males","5",""
"2013","Malta","From 25 to 74 years","Thousand persons","Males","5",""
"2014","Malta","From 25 to 74 years","Thousand persons","Males","5",""
"2015","Malta","From 25 to 74 years","Thousand persons","Males","5",""
"2016","Malta","From 25 to 74 years","Thousand persons","Males","4",""
"2007","Netherlands","From 25 to 74 years","Thousand persons","Males","88",""
"2008","Netherlands","From 25 to 74 years","Thousand persons","Males","75",""
"2009","Netherlands","From 25 to 74 years","Thousand persons","Males","103",""
"2010","Netherlands","From 25 to 74 years","Thousand persons","Males","130",""
"2011","Netherlands","From 25 to 74 years","Thousand persons","Males","144",""
"2012","Netherlands","From 25 to 74 years","Thousand persons","Males","178",""
"2013","Netherlands","From 25 to 74 years","Thousand persons","Males","250",""
"2014","Netherlands","From 25 to 74 years","Thousand persons","Males","256",""
"2015","Netherlands","From 25 to 74 years","Thousand persons","Males","233",""
"2016","Netherlands","From 25 to 74 years","Thousand persons","Males","188",""
"2007","Austria","From 25 to 74 years","Thousand persons","Males","72",""
"2008","Austria","From 25 to 74 years","Thousand persons","Males","61",""
"2009","Austria","From 25 to 74 years","Thousand persons","Males","89",""
"2010","Austria","From 25 to 74 years","Thousand persons","Males","83",""
"2011","Austria","From 25 to 74 years","Thousand persons","Males","76",""
"2012","Austria","From 25 to 74 years","Thousand persons","Males","83",""
"2013","Austria","From 25 to 74 years","Thousand persons","Males","95",""
"2014","Austria","From 25 to 74 years","Thousand persons","Males","103",""
"2015","Austria","From 25 to 74 years","Thousand persons","Males","109",""
"2016","Austria","From 25 to 74 years","Thousand persons","Males","117",""
"2007","Poland","From 25 to 74 years","Thousand persons","Males","610",""
"2008","Poland","From 25 to 74 years","Thousand persons","Males","432",""
"2009","Poland","From 25 to 74 years","Thousand persons","Males","514","i"
"2010","Poland","From 25 to 74 years","Thousand persons","Males","654",""
"2011","Poland","From 25 to 74 years","Thousand persons","Males","629",""
"2012","Poland","From 25 to 74 years","Thousand persons","Males","678",""
"2013","Poland","From 25 to 74 years","Thousand persons","Males","702",""
"2014","Poland","From 25 to 74 years","Thousand persons","Males","620",""
"2015","Poland","From 25 to 74 years","Thousand persons","Males","531",""
"2016","Poland","From 25 to 74 years","Thousand persons","Males","439",""
"2007","Portugal","From 25 to 74 years","Thousand persons","Males","192",""
"2008","Portugal","From 25 to 74 years","Thousand persons","Males","192",""
"2009","Portugal","From 25 to 74 years","Thousand persons","Males","245",""
"2010","Portugal","From 25 to 74 years","Thousand persons","Males","265",""
"2011","Portugal","From 25 to 74 years","Thousand persons","Males","281",""
"2012","Portugal","From 25 to 74 years","Thousand persons","Males","352",""
"2013","Portugal","From 25 to 74 years","Thousand persons","Males","361",""
"2014","Portugal","From 25 to 74 years","Thousand persons","Males","297",""
"2015","Portugal","From 25 to 74 years","Thousand persons","Males","268",""
"2016","Portugal","From 25 to 74 years","Thousand persons","Males","236",""
"2007","Romania","From 25 to 74 years","Thousand persons","Males","278",""
"2008","Romania","From 25 to 74 years","Thousand persons","Males","260",""
"2009","Romania","From 25 to 74 years","Thousand persons","Males","293",""
"2010","Romania","From 25 to 74 years","Thousand persons","Males","295",""
"2011","Romania","From 25 to 74 years","Thousand persons","Males","289",""
"2012","Romania","From 25 to 74 years","Thousand persons","Males","283",""
"2013","Romania","From 25 to 74 years","Thousand persons","Males","302",""
"2014","Romania","From 25 to 74 years","Thousand persons","Males","288",""
"2015","Romania","From 25 to 74 years","Thousand persons","Males","309",""
"2016","Romania","From 25 to 74 years","Thousand persons","Males","264",""
"2007","Slovenia","From 25 to 74 years","Thousand persons","Males","16",""
"2008","Slovenia","From 25 to 74 years","Thousand persons","Males","16",""
"2009","Slovenia","From 25 to 74 years","Thousand persons","Males","25",""
"2010","Slovenia","From 25 to 74 years","Thousand persons","Males","33",""
"2011","Slovenia","From 25 to 74 years","Thousand persons","Males","37",""
"2012","Slovenia","From 25 to 74 years","Thousand persons","Males","37",""
"2013","Slovenia","From 25 to 74 years","Thousand persons","Males","43",""
"2014","Slovenia","From 25 to 74 years","Thousand persons","Males","41",""
"2015","Slovenia","From 25 to 74 years","Thousand persons","Males","37",""
"2016","Slovenia","From 25 to 74 years","Thousand persons","Males","34",""
"2007","Slovakia","From 25 to 74 years","Thousand persons","Males","110",""
"2008","Slovakia","From 25 to 74 years","Thousand persons","Males","94",""
"2009","Slovakia","From 25 to 74 years","Thousand persons","Males","127",""
"2010","Slovakia","From 25 to 74 years","Thousand persons","Males","161",""
"2011","Slovakia","From 25 to 74 years","Thousand persons","Males","156","i"
"2012","Slovakia","From 25 to 74 years","Thousand persons","Males","156",""
"2013","Slovakia","From 25 to 74 years","Thousand persons","Males","163",""
"2014","Slovakia","From 25 to 74 years","Thousand persons","Males","155",""
"2015","Slovakia","From 25 to 74 years","Thousand persons","Males","122",""
"2016","Slovakia","From 25 to 74 years","Thousand persons","Males","107",""
"2007","Finland","From 25 to 74 years","Thousand persons","Males","63",""
"2008","Finland","From 25 to 74 years","Thousand persons","Males","56",""
"2009","Finland","From 25 to 74 years","Thousand persons","Males","84",""
"2010","Finland","From 25 to 74 years","Thousand persons","Males","88",""
"2011","Finland","From 25 to 74 years","Thousand persons","Males","82",""
"2012","Finland","From 25 to 74 years","Thousand persons","Males","83",""
"2013","Finland","From 25 to 74 years","Thousand persons","Males","85",""
"2014","Finland","From 25 to 74 years","Thousand persons","Males","92",""
"2015","Finland","From 25 to 74 years","Thousand persons","Males","97",""
"2016","Finland","From 25 to 74 years","Thousand persons","Males","91",""
"2007","Sweden","From 25 to 74 years","Thousand persons","Males","91",""
"2008","Sweden","From 25 to 74 years","Thousand persons","Males","89",""
"2009","Sweden","From 25 to 74 years","Thousand persons","Males","139",""
"2010","Sweden","From 25 to 74 years","Thousand persons","Males","141",""
"2011","Sweden","From 25 to 74 years","Thousand persons","Males","128",""
"2012","Sweden","From 25 to 74 years","Thousand persons","Males","136",""
"2013","Sweden","From 25 to 74 years","Thousand persons","Males","136",""
"2014","Sweden","From 25 to 74 years","Thousand persons","Males","140",""
"2015","Sweden","From 25 to 74 years","Thousand persons","Males","137",""
"2016","Sweden","From 25 to 74 years","Thousand persons","Males","135",""
"2007","United Kingdom","From 25 to 74 years","Thousand persons","Males","530",""
"2008","United Kingdom","From 25 to 74 years","Thousand persons","Males","600",""
"2009","United Kingdom","From 25 to 74 years","Thousand persons","Males","915",""
"2010","United Kingdom","From 25 to 74 years","Thousand persons","Males","932",""
"2011","United Kingdom","From 25 to 74 years","Thousand persons","Males","906",""
"2012","United Kingdom","From 25 to 74 years","Thousand persons","Males","856",""
"2013","United Kingdom","From 25 to 74 years","Thousand persons","Males","831",""
"2014","United Kingdom","From 25 to 74 years","Thousand persons","Males","666",""
"2015","United Kingdom","From 25 to 74 years","Thousand persons","Males","578",""
"2016","United Kingdom","From 25 to 74 years","Thousand persons","Males","533",""
"2007","Iceland","From 25 to 74 years","Thousand persons","Males","962",""
"2008","Iceland","From 25 to 74 years","Thousand persons","Males","1,883",""
"2009","Iceland","From 25 to 74 years","Thousand persons","Males","5,343",""
"2010","Iceland","From 25 to 74 years","Thousand persons","Males","5,188",""
"2011","Iceland","From 25 to 74 years","Thousand persons","Males","4,587",""
"2012","Iceland","From 25 to 74 years","Thousand persons","Males","3,685",""
"2013","Iceland","From 25 to 74 years","Thousand persons","Males","3,309",""
"2014","Iceland","From 25 to 74 years","Thousand persons","Males","2,829",""
"2015","Iceland","From 25 to 74 years","Thousand persons","Males","2,161",""
"2016","Iceland","From 25 to 74 years","Thousand persons","Males","1,936",""
"2007","Norway","From 25 to 74 years","Thousand persons","Males","20",""
"2008","Norway","From 25 to 74 years","Thousand persons","Males","22",""
"2009","Norway","From 25 to 74 years","Thousand persons","Males","30",""
"2010","Norway","From 25 to 74 years","Thousand persons","Males","36",""
"2011","Norway","From 25 to 74 years","Thousand persons","Males","31",""
"2012","Norway","From 25 to 74 years","Thousand persons","Males","32",""
"2013","Norway","From 25 to 74 years","Thousand persons","Males","32",""
"2014","Norway","From 25 to 74 years","Thousand persons","Males","37",""
"2015","Norway","From 25 to 74 years","Thousand persons","Males","47",""
"2016","Norway","From 25 to 74 years","Thousand persons","Males","56",""
"2007","Turkey","From 25 to 74 years","Thousand persons","Males",":",""
"2008","Turkey","From 25 to 74 years","Thousand persons","Males",":",""
"2009","Turkey","From 25 to 74 years","Thousand persons","Males",":",""
"2010","Turkey","From 25 to 74 years","Thousand persons","Males",":",""
"2011","Turkey","From 25 to 74 years","Thousand persons","Males",":",""
"2012","Turkey","From 25 to 74 years","Thousand persons","Males",":",""
"2013","Turkey","From 25 to 74 years","Thousand persons","Males",":",""
"2014","Turkey","From 25 to 74 years","Thousand persons","Males",":",""
"2015","Turkey","From 25 to 74 years","Thousand persons","Males",":",""
"2016","Turkey","From 25 to 74 years","Thousand persons","Males",":",""
"2007","United States","From 25 to 74 years","Thousand persons","Males","2,538",""
"2008","United States","From 25 to 74 years","Thousand persons","Males","3,377",""
"2009","United States","From 25 to 74 years","Thousand persons","Males","6,226",""
"2010","United States","From 25 to 74 years","Thousand persons","Males","6,365",""
"2011","United States","From 25 to 74 years","Thousand persons","Males","5,623",""
"2012","United States","From 25 to 74 years","Thousand persons","Males","4,821",""
"2013","United States","From 25 to 74 years","Thousand persons","Males","4,425",""
"2014","United States","From 25 to 74 years","Thousand persons","Males","3,589",""
"2015","United States","From 25 to 74 years","Thousand persons","Males","3,094",""
"2016","United States","From 25 to 74 years","Thousand persons","Males","2,934",""
"2007","Japan","From 25 to 74 years","Thousand persons","Males","1,279",""
"2008","Japan","From 25 to 74 years","Thousand persons","Males","1,352",""
"2009","Japan","From 25 to 74 years","Thousand persons","Males","1,743",""
"2010","Japan","From 25 to 74 years","Thousand persons","Males","1,778",""
"2011","Japan","From 25 to 74 years","Thousand persons","Males","1,614","b"
"2012","Japan","From 25 to 74 years","Thousand persons","Males","1,498",""
"2013","Japan","From 25 to 74 years","Thousand persons","Males","1,438",""
"2014","Japan","From 25 to 74 years","Thousand persons","Males","1,243",""
"2015","Japan","From 25 to 74 years","Thousand persons","Males","1,193",""
"2016","Japan","From 25 to 74 years","Thousand persons","Males","1,100",""
