"TIME","GEO","AGE","UNIT","SEX","Value","Flag and Footnotes"
"2007","European Union (28 countries)","Less than 25 years","Percentage of active population","Total","15.9",""
"2008","European Union (28 countries)","Less than 25 years","Percentage of active population","Total","15.9",""
"2009","European Union (28 countries)","Less than 25 years","Percentage of active population","Total","20.3",""
"2010","European Union (28 countries)","Less than 25 years","Percentage of active population","Total","21.4",""
"2011","European Union (28 countries)","Less than 25 years","Percentage of active population","Total","21.7",""
"2012","European Union (28 countries)","Less than 25 years","Percentage of active population","Total","23.3",""
"2013","European Union (28 countries)","Less than 25 years","Percentage of active population","Total","23.7",""
"2014","European Union (28 countries)","Less than 25 years","Percentage of active population","Total","22.2",""
"2015","European Union (28 countries)","Less than 25 years","Percentage of active population","Total","20.3",""
"2016","European Union (28 countries)","Less than 25 years","Percentage of active population","Total","18.7",""
"2007","European Union (27 countries)","Less than 25 years","Percentage of active population","Total","15.8",""
"2008","European Union (27 countries)","Less than 25 years","Percentage of active population","Total","15.9",""
"2009","European Union (27 countries)","Less than 25 years","Percentage of active population","Total","20.2",""
"2010","European Union (27 countries)","Less than 25 years","Percentage of active population","Total","21.3",""
"2011","European Union (27 countries)","Less than 25 years","Percentage of active population","Total","21.6",""
"2012","European Union (27 countries)","Less than 25 years","Percentage of active population","Total","23.1",""
"2013","European Union (27 countries)","Less than 25 years","Percentage of active population","Total","23.6",""
"2014","European Union (27 countries)","Less than 25 years","Percentage of active population","Total","22.0",""
"2015","European Union (27 countries)","Less than 25 years","Percentage of active population","Total","20.2",""
"2016","European Union (27 countries)","Less than 25 years","Percentage of active population","Total","18.6",""
"2007","European Union (25 countries)","Less than 25 years","Percentage of active population","Total","15.7",""
"2008","European Union (25 countries)","Less than 25 years","Percentage of active population","Total","15.9",""
"2009","European Union (25 countries)","Less than 25 years","Percentage of active population","Total","20.3",""
"2010","European Union (25 countries)","Less than 25 years","Percentage of active population","Total","21.3",""
"2011","European Union (25 countries)","Less than 25 years","Percentage of active population","Total","21.5",""
"2012","European Union (25 countries)","Less than 25 years","Percentage of active population","Total","23.1",""
"2013","European Union (25 countries)","Less than 25 years","Percentage of active population","Total","23.5",""
"2014","European Union (25 countries)","Less than 25 years","Percentage of active population","Total","22.0",""
"2015","European Union (25 countries)","Less than 25 years","Percentage of active population","Total","20.1",""
"2016","European Union (25 countries)","Less than 25 years","Percentage of active population","Total","18.6",""
"2007","Euro area (EA11-2000, EA12-2006, EA13-2007, EA15-2008, EA16-2010, EA17-2013, EA18-2014, EA19)","Less than 25 years","Percentage of active population","Total","15.6",""
"2008","Euro area (EA11-2000, EA12-2006, EA13-2007, EA15-2008, EA16-2010, EA17-2013, EA18-2014, EA19)","Less than 25 years","Percentage of active population","Total","16.1",""
"2009","Euro area (EA11-2000, EA12-2006, EA13-2007, EA15-2008, EA16-2010, EA17-2013, EA18-2014, EA19)","Less than 25 years","Percentage of active population","Total","20.5",""
"2010","Euro area (EA11-2000, EA12-2006, EA13-2007, EA15-2008, EA16-2010, EA17-2013, EA18-2014, EA19)","Less than 25 years","Percentage of active population","Total","21.1",""
"2011","Euro area (EA11-2000, EA12-2006, EA13-2007, EA15-2008, EA16-2010, EA17-2013, EA18-2014, EA19)","Less than 25 years","Percentage of active population","Total","21.2",""
"2012","Euro area (EA11-2000, EA12-2006, EA13-2007, EA15-2008, EA16-2010, EA17-2013, EA18-2014, EA19)","Less than 25 years","Percentage of active population","Total","23.5",""
"2013","Euro area (EA11-2000, EA12-2006, EA13-2007, EA15-2008, EA16-2010, EA17-2013, EA18-2014, EA19)","Less than 25 years","Percentage of active population","Total","24.4",""
"2014","Euro area (EA11-2000, EA12-2006, EA13-2007, EA15-2008, EA16-2010, EA17-2013, EA18-2014, EA19)","Less than 25 years","Percentage of active population","Total","23.8",""
"2015","Euro area (EA11-2000, EA12-2006, EA13-2007, EA15-2008, EA16-2010, EA17-2013, EA18-2014, EA19)","Less than 25 years","Percentage of active population","Total","22.4",""
"2016","Euro area (EA11-2000, EA12-2006, EA13-2007, EA15-2008, EA16-2010, EA17-2013, EA18-2014, EA19)","Less than 25 years","Percentage of active population","Total","20.9",""
"2007","Euro area (19 countries)","Less than 25 years","Percentage of active population","Total","15.6",""
"2008","Euro area (19 countries)","Less than 25 years","Percentage of active population","Total","16.1",""
"2009","Euro area (19 countries)","Less than 25 years","Percentage of active population","Total","20.7",""
"2010","Euro area (19 countries)","Less than 25 years","Percentage of active population","Total","21.4",""
"2011","Euro area (19 countries)","Less than 25 years","Percentage of active population","Total","21.3",""
"2012","Euro area (19 countries)","Less than 25 years","Percentage of active population","Total","23.6",""
"2013","Euro area (19 countries)","Less than 25 years","Percentage of active population","Total","24.4",""
"2014","Euro area (19 countries)","Less than 25 years","Percentage of active population","Total","23.8",""
"2015","Euro area (19 countries)","Less than 25 years","Percentage of active population","Total","22.4",""
"2016","Euro area (19 countries)","Less than 25 years","Percentage of active population","Total","20.9",""
"2007","Euro area (18 countries)","Less than 25 years","Percentage of active population","Total","15.6",""
"2008","Euro area (18 countries)","Less than 25 years","Percentage of active population","Total","16.1",""
"2009","Euro area (18 countries)","Less than 25 years","Percentage of active population","Total","20.6",""
"2010","Euro area (18 countries)","Less than 25 years","Percentage of active population","Total","21.3",""
"2011","Euro area (18 countries)","Less than 25 years","Percentage of active population","Total","21.2",""
"2012","Euro area (18 countries)","Less than 25 years","Percentage of active population","Total","23.5",""
"2013","Euro area (18 countries)","Less than 25 years","Percentage of active population","Total","24.4",""
"2014","Euro area (18 countries)","Less than 25 years","Percentage of active population","Total","23.8",""
"2015","Euro area (18 countries)","Less than 25 years","Percentage of active population","Total","22.4",""
"2016","Euro area (18 countries)","Less than 25 years","Percentage of active population","Total","21.0",""
"2007","Belgium","Less than 25 years","Percentage of active population","Total","18.8",""
"2008","Belgium","Less than 25 years","Percentage of active population","Total","18.0",""
"2009","Belgium","Less than 25 years","Percentage of active population","Total","21.9",""
"2010","Belgium","Less than 25 years","Percentage of active population","Total","22.4",""
"2011","Belgium","Less than 25 years","Percentage of active population","Total","18.7",""
"2012","Belgium","Less than 25 years","Percentage of active population","Total","19.8",""
"2013","Belgium","Less than 25 years","Percentage of active population","Total","23.7",""
"2014","Belgium","Less than 25 years","Percentage of active population","Total","23.2",""
"2015","Belgium","Less than 25 years","Percentage of active population","Total","22.1",""
"2016","Belgium","Less than 25 years","Percentage of active population","Total","20.1",""
"2007","Bulgaria","Less than 25 years","Percentage of active population","Total","14.1",""
"2008","Bulgaria","Less than 25 years","Percentage of active population","Total","11.9",""
"2009","Bulgaria","Less than 25 years","Percentage of active population","Total","15.1",""
"2010","Bulgaria","Less than 25 years","Percentage of active population","Total","21.9","i"
"2011","Bulgaria","Less than 25 years","Percentage of active population","Total","25.0",""
"2012","Bulgaria","Less than 25 years","Percentage of active population","Total","28.1",""
"2013","Bulgaria","Less than 25 years","Percentage of active population","Total","28.4",""
"2014","Bulgaria","Less than 25 years","Percentage of active population","Total","23.8",""
"2015","Bulgaria","Less than 25 years","Percentage of active population","Total","21.6",""
"2016","Bulgaria","Less than 25 years","Percentage of active population","Total","17.2",""
"2007","Czech Republic","Less than 25 years","Percentage of active population","Total","10.7",""
"2008","Czech Republic","Less than 25 years","Percentage of active population","Total","9.9",""
"2009","Czech Republic","Less than 25 years","Percentage of active population","Total","16.6",""
"2010","Czech Republic","Less than 25 years","Percentage of active population","Total","18.3",""
"2011","Czech Republic","Less than 25 years","Percentage of active population","Total","18.1",""
"2012","Czech Republic","Less than 25 years","Percentage of active population","Total","19.5",""
"2013","Czech Republic","Less than 25 years","Percentage of active population","Total","18.9",""
"2014","Czech Republic","Less than 25 years","Percentage of active population","Total","15.9",""
"2015","Czech Republic","Less than 25 years","Percentage of active population","Total","12.6",""
"2016","Czech Republic","Less than 25 years","Percentage of active population","Total","10.5",""
"2007","Denmark","Less than 25 years","Percentage of active population","Total","7.5",""
"2008","Denmark","Less than 25 years","Percentage of active population","Total","8.0",""
"2009","Denmark","Less than 25 years","Percentage of active population","Total","11.8",""
"2010","Denmark","Less than 25 years","Percentage of active population","Total","13.9",""
"2011","Denmark","Less than 25 years","Percentage of active population","Total","14.2",""
"2012","Denmark","Less than 25 years","Percentage of active population","Total","14.1",""
"2013","Denmark","Less than 25 years","Percentage of active population","Total","13.0",""
"2014","Denmark","Less than 25 years","Percentage of active population","Total","12.6",""
"2015","Denmark","Less than 25 years","Percentage of active population","Total","10.8",""
"2016","Denmark","Less than 25 years","Percentage of active population","Total","12.0",""
"2007","Germany (until 1990 former territory of the FRG)","Less than 25 years","Percentage of active population","Total","11.8",""
"2008","Germany (until 1990 former territory of the FRG)","Less than 25 years","Percentage of active population","Total","10.4",""
"2009","Germany (until 1990 former territory of the FRG)","Less than 25 years","Percentage of active population","Total","11.1",""
"2010","Germany (until 1990 former territory of the FRG)","Less than 25 years","Percentage of active population","Total","9.8",""
"2011","Germany (until 1990 former territory of the FRG)","Less than 25 years","Percentage of active population","Total","8.5",""
"2012","Germany (until 1990 former territory of the FRG)","Less than 25 years","Percentage of active population","Total","8.0",""
"2013","Germany (until 1990 former territory of the FRG)","Less than 25 years","Percentage of active population","Total","7.8",""
"2014","Germany (until 1990 former territory of the FRG)","Less than 25 years","Percentage of active population","Total","7.7",""
"2015","Germany (until 1990 former territory of the FRG)","Less than 25 years","Percentage of active population","Total","7.2",""
"2016","Germany (until 1990 former territory of the FRG)","Less than 25 years","Percentage of active population","Total","7.1",""
"2007","Estonia","Less than 25 years","Percentage of active population","Total","10.1",""
"2008","Estonia","Less than 25 years","Percentage of active population","Total","12.0","i"
"2009","Estonia","Less than 25 years","Percentage of active population","Total","27.4",""
"2010","Estonia","Less than 25 years","Percentage of active population","Total","32.9",""
"2011","Estonia","Less than 25 years","Percentage of active population","Total","22.4",""
"2012","Estonia","Less than 25 years","Percentage of active population","Total","20.9",""
"2013","Estonia","Less than 25 years","Percentage of active population","Total","18.7",""
"2014","Estonia","Less than 25 years","Percentage of active population","Total","15.0",""
"2015","Estonia","Less than 25 years","Percentage of active population","Total","13.1",""
"2016","Estonia","Less than 25 years","Percentage of active population","Total","13.4",""
"2007","Ireland","Less than 25 years","Percentage of active population","Total","9.1",""
"2008","Ireland","Less than 25 years","Percentage of active population","Total","13.3",""
"2009","Ireland","Less than 25 years","Percentage of active population","Total","24.0",""
"2010","Ireland","Less than 25 years","Percentage of active population","Total","27.6",""
"2011","Ireland","Less than 25 years","Percentage of active population","Total","29.1",""
"2012","Ireland","Less than 25 years","Percentage of active population","Total","30.4",""
"2013","Ireland","Less than 25 years","Percentage of active population","Total","26.8",""
"2014","Ireland","Less than 25 years","Percentage of active population","Total","23.9",""
"2015","Ireland","Less than 25 years","Percentage of active population","Total","20.9",""
"2016","Ireland","Less than 25 years","Percentage of active population","Total","17.2",""
"2007","Greece","Less than 25 years","Percentage of active population","Total","22.7",""
"2008","Greece","Less than 25 years","Percentage of active population","Total","21.9",""
"2009","Greece","Less than 25 years","Percentage of active population","Total","25.7",""
"2010","Greece","Less than 25 years","Percentage of active population","Total","33.0",""
"2011","Greece","Less than 25 years","Percentage of active population","Total","44.7",""
"2012","Greece","Less than 25 years","Percentage of active population","Total","55.3",""
"2013","Greece","Less than 25 years","Percentage of active population","Total","58.3",""
"2014","Greece","Less than 25 years","Percentage of active population","Total","52.4",""
"2015","Greece","Less than 25 years","Percentage of active population","Total","49.8",""
"2016","Greece","Less than 25 years","Percentage of active population","Total","47.3",""
"2007","Spain","Less than 25 years","Percentage of active population","Total","18.1",""
"2008","Spain","Less than 25 years","Percentage of active population","Total","24.5",""
"2009","Spain","Less than 25 years","Percentage of active population","Total","37.7",""
"2010","Spain","Less than 25 years","Percentage of active population","Total","41.5",""
"2011","Spain","Less than 25 years","Percentage of active population","Total","46.2",""
"2012","Spain","Less than 25 years","Percentage of active population","Total","52.9",""
"2013","Spain","Less than 25 years","Percentage of active population","Total","55.5",""
"2014","Spain","Less than 25 years","Percentage of active population","Total","53.2",""
"2015","Spain","Less than 25 years","Percentage of active population","Total","48.3",""
"2016","Spain","Less than 25 years","Percentage of active population","Total","44.4",""
"2007","France","Less than 25 years","Percentage of active population","Total","19.5",""
"2008","France","Less than 25 years","Percentage of active population","Total","19.0",""
"2009","France","Less than 25 years","Percentage of active population","Total","23.6",""
"2010","France","Less than 25 years","Percentage of active population","Total","23.3",""
"2011","France","Less than 25 years","Percentage of active population","Total","22.7",""
"2012","France","Less than 25 years","Percentage of active population","Total","24.4",""
"2013","France","Less than 25 years","Percentage of active population","Total","24.9",""
"2014","France","Less than 25 years","Percentage of active population","Total","24.2",""
"2015","France","Less than 25 years","Percentage of active population","Total","24.7",""
"2016","France","Less than 25 years","Percentage of active population","Total","24.6",""
"2007","Croatia","Less than 25 years","Percentage of active population","Total","25.4",""
"2008","Croatia","Less than 25 years","Percentage of active population","Total","23.6",""
"2009","Croatia","Less than 25 years","Percentage of active population","Total","25.4",""
"2010","Croatia","Less than 25 years","Percentage of active population","Total","32.3",""
"2011","Croatia","Less than 25 years","Percentage of active population","Total","36.6",""
"2012","Croatia","Less than 25 years","Percentage of active population","Total","42.2",""
"2013","Croatia","Less than 25 years","Percentage of active population","Total","49.9",""
"2014","Croatia","Less than 25 years","Percentage of active population","Total","44.9",""
"2015","Croatia","Less than 25 years","Percentage of active population","Total","42.3",""
"2016","Croatia","Less than 25 years","Percentage of active population","Total","31.8",""
"2007","Italy","Less than 25 years","Percentage of active population","Total","20.4",""
"2008","Italy","Less than 25 years","Percentage of active population","Total","21.2",""
"2009","Italy","Less than 25 years","Percentage of active population","Total","25.3",""
"2010","Italy","Less than 25 years","Percentage of active population","Total","27.9",""
"2011","Italy","Less than 25 years","Percentage of active population","Total","29.2",""
"2012","Italy","Less than 25 years","Percentage of active population","Total","35.3",""
"2013","Italy","Less than 25 years","Percentage of active population","Total","40.0",""
"2014","Italy","Less than 25 years","Percentage of active population","Total","42.7",""
"2015","Italy","Less than 25 years","Percentage of active population","Total","40.3",""
"2016","Italy","Less than 25 years","Percentage of active population","Total","37.8",""
"2007","Cyprus","Less than 25 years","Percentage of active population","Total","10.2",""
"2008","Cyprus","Less than 25 years","Percentage of active population","Total","9.0",""
"2009","Cyprus","Less than 25 years","Percentage of active population","Total","13.8",""
"2010","Cyprus","Less than 25 years","Percentage of active population","Total","16.6",""
"2011","Cyprus","Less than 25 years","Percentage of active population","Total","22.4",""
"2012","Cyprus","Less than 25 years","Percentage of active population","Total","27.7",""
"2013","Cyprus","Less than 25 years","Percentage of active population","Total","38.9",""
"2014","Cyprus","Less than 25 years","Percentage of active population","Total","36.0",""
"2015","Cyprus","Less than 25 years","Percentage of active population","Total","32.8",""
"2016","Cyprus","Less than 25 years","Percentage of active population","Total","29.1",""
"2007","Latvia","Less than 25 years","Percentage of active population","Total","10.6",""
"2008","Latvia","Less than 25 years","Percentage of active population","Total","13.6",""
"2009","Latvia","Less than 25 years","Percentage of active population","Total","33.3",""
"2010","Latvia","Less than 25 years","Percentage of active population","Total","36.2",""
"2011","Latvia","Less than 25 years","Percentage of active population","Total","31.0",""
"2012","Latvia","Less than 25 years","Percentage of active population","Total","28.5",""
"2013","Latvia","Less than 25 years","Percentage of active population","Total","23.2",""
"2014","Latvia","Less than 25 years","Percentage of active population","Total","19.6",""
"2015","Latvia","Less than 25 years","Percentage of active population","Total","16.3",""
"2016","Latvia","Less than 25 years","Percentage of active population","Total","17.3",""
"2007","Lithuania","Less than 25 years","Percentage of active population","Total","8.4",""
"2008","Lithuania","Less than 25 years","Percentage of active population","Total","13.3",""
"2009","Lithuania","Less than 25 years","Percentage of active population","Total","29.6",""
"2010","Lithuania","Less than 25 years","Percentage of active population","Total","35.7",""
"2011","Lithuania","Less than 25 years","Percentage of active population","Total","32.6",""
"2012","Lithuania","Less than 25 years","Percentage of active population","Total","26.7",""
"2013","Lithuania","Less than 25 years","Percentage of active population","Total","21.9",""
"2014","Lithuania","Less than 25 years","Percentage of active population","Total","19.3",""
"2015","Lithuania","Less than 25 years","Percentage of active population","Total","16.3",""
"2016","Lithuania","Less than 25 years","Percentage of active population","Total","14.5",""
"2007","Luxembourg","Less than 25 years","Percentage of active population","Total","15.6",""
"2008","Luxembourg","Less than 25 years","Percentage of active population","Total","17.3",""
"2009","Luxembourg","Less than 25 years","Percentage of active population","Total","16.5",""
"2010","Luxembourg","Less than 25 years","Percentage of active population","Total","15.8",""
"2011","Luxembourg","Less than 25 years","Percentage of active population","Total","16.4",""
"2012","Luxembourg","Less than 25 years","Percentage of active population","Total","18.0",""
"2013","Luxembourg","Less than 25 years","Percentage of active population","Total","16.9",""
"2014","Luxembourg","Less than 25 years","Percentage of active population","Total","22.3",""
"2015","Luxembourg","Less than 25 years","Percentage of active population","Total","16.6",""
"2016","Luxembourg","Less than 25 years","Percentage of active population","Total","19.1",""
"2007","Hungary","Less than 25 years","Percentage of active population","Total","18.1",""
"2008","Hungary","Less than 25 years","Percentage of active population","Total","19.5","i"
"2009","Hungary","Less than 25 years","Percentage of active population","Total","26.4",""
"2010","Hungary","Less than 25 years","Percentage of active population","Total","26.4",""
"2011","Hungary","Less than 25 years","Percentage of active population","Total","26.0",""
"2012","Hungary","Less than 25 years","Percentage of active population","Total","28.2",""
"2013","Hungary","Less than 25 years","Percentage of active population","Total","26.6",""
"2014","Hungary","Less than 25 years","Percentage of active population","Total","20.4",""
"2015","Hungary","Less than 25 years","Percentage of active population","Total","17.3",""
"2016","Hungary","Less than 25 years","Percentage of active population","Total","12.9",""
"2007","Malta","Less than 25 years","Percentage of active population","Total","13.5",""
"2008","Malta","Less than 25 years","Percentage of active population","Total","11.7",""
"2009","Malta","Less than 25 years","Percentage of active population","Total","14.5",""
"2010","Malta","Less than 25 years","Percentage of active population","Total","13.2",""
"2011","Malta","Less than 25 years","Percentage of active population","Total","13.3",""
"2012","Malta","Less than 25 years","Percentage of active population","Total","14.1",""
"2013","Malta","Less than 25 years","Percentage of active population","Total","13.0",""
"2014","Malta","Less than 25 years","Percentage of active population","Total","11.7",""
"2015","Malta","Less than 25 years","Percentage of active population","Total","11.8",""
"2016","Malta","Less than 25 years","Percentage of active population","Total","11.0",""
"2007","Netherlands","Less than 25 years","Percentage of active population","Total","9.4",""
"2008","Netherlands","Less than 25 years","Percentage of active population","Total","8.6",""
"2009","Netherlands","Less than 25 years","Percentage of active population","Total","10.2",""
"2010","Netherlands","Less than 25 years","Percentage of active population","Total","11.1",""
"2011","Netherlands","Less than 25 years","Percentage of active population","Total","10.0",""
"2012","Netherlands","Less than 25 years","Percentage of active population","Total","11.7",""
"2013","Netherlands","Less than 25 years","Percentage of active population","Total","13.2",""
"2014","Netherlands","Less than 25 years","Percentage of active population","Total","12.7",""
"2015","Netherlands","Less than 25 years","Percentage of active population","Total","11.3",""
"2016","Netherlands","Less than 25 years","Percentage of active population","Total","10.8",""
"2007","Austria","Less than 25 years","Percentage of active population","Total","9.4",""
"2008","Austria","Less than 25 years","Percentage of active population","Total","8.5",""
"2009","Austria","Less than 25 years","Percentage of active population","Total","10.7",""
"2010","Austria","Less than 25 years","Percentage of active population","Total","9.5",""
"2011","Austria","Less than 25 years","Percentage of active population","Total","8.9",""
"2012","Austria","Less than 25 years","Percentage of active population","Total","9.4",""
"2013","Austria","Less than 25 years","Percentage of active population","Total","9.7",""
"2014","Austria","Less than 25 years","Percentage of active population","Total","10.3",""
"2015","Austria","Less than 25 years","Percentage of active population","Total","10.6",""
"2016","Austria","Less than 25 years","Percentage of active population","Total","11.2",""
"2007","Poland","Less than 25 years","Percentage of active population","Total","21.6",""
"2008","Poland","Less than 25 years","Percentage of active population","Total","17.2",""
"2009","Poland","Less than 25 years","Percentage of active population","Total","20.6","i"
"2010","Poland","Less than 25 years","Percentage of active population","Total","23.7",""
"2011","Poland","Less than 25 years","Percentage of active population","Total","25.8",""
"2012","Poland","Less than 25 years","Percentage of active population","Total","26.5",""
"2013","Poland","Less than 25 years","Percentage of active population","Total","27.3",""
"2014","Poland","Less than 25 years","Percentage of active population","Total","23.9",""
"2015","Poland","Less than 25 years","Percentage of active population","Total","20.8",""
"2016","Poland","Less than 25 years","Percentage of active population","Total","17.7",""
"2007","Portugal","Less than 25 years","Percentage of active population","Total","21.4",""
"2008","Portugal","Less than 25 years","Percentage of active population","Total","21.6",""
"2009","Portugal","Less than 25 years","Percentage of active population","Total","25.3",""
"2010","Portugal","Less than 25 years","Percentage of active population","Total","28.2",""
"2011","Portugal","Less than 25 years","Percentage of active population","Total","30.2",""
"2012","Portugal","Less than 25 years","Percentage of active population","Total","38.0",""
"2013","Portugal","Less than 25 years","Percentage of active population","Total","38.1",""
"2014","Portugal","Less than 25 years","Percentage of active population","Total","34.7",""
"2015","Portugal","Less than 25 years","Percentage of active population","Total","32.0",""
"2016","Portugal","Less than 25 years","Percentage of active population","Total","28.2",""
"2007","Romania","Less than 25 years","Percentage of active population","Total","19.3",""
"2008","Romania","Less than 25 years","Percentage of active population","Total","17.6",""
"2009","Romania","Less than 25 years","Percentage of active population","Total","20.0",""
"2010","Romania","Less than 25 years","Percentage of active population","Total","22.1",""
"2011","Romania","Less than 25 years","Percentage of active population","Total","23.9",""
"2012","Romania","Less than 25 years","Percentage of active population","Total","22.6",""
"2013","Romania","Less than 25 years","Percentage of active population","Total","23.7",""
"2014","Romania","Less than 25 years","Percentage of active population","Total","24.0",""
"2015","Romania","Less than 25 years","Percentage of active population","Total","21.7",""
"2016","Romania","Less than 25 years","Percentage of active population","Total","20.6",""
"2007","Slovenia","Less than 25 years","Percentage of active population","Total","10.1",""
"2008","Slovenia","Less than 25 years","Percentage of active population","Total","10.4",""
"2009","Slovenia","Less than 25 years","Percentage of active population","Total","13.6",""
"2010","Slovenia","Less than 25 years","Percentage of active population","Total","14.7",""
"2011","Slovenia","Less than 25 years","Percentage of active population","Total","15.7",""
"2012","Slovenia","Less than 25 years","Percentage of active population","Total","20.6",""
"2013","Slovenia","Less than 25 years","Percentage of active population","Total","21.6",""
"2014","Slovenia","Less than 25 years","Percentage of active population","Total","20.2",""
"2015","Slovenia","Less than 25 years","Percentage of active population","Total","16.3",""
"2016","Slovenia","Less than 25 years","Percentage of active population","Total","15.2",""
"2007","Slovakia","Less than 25 years","Percentage of active population","Total","20.6",""
"2008","Slovakia","Less than 25 years","Percentage of active population","Total","19.3",""
"2009","Slovakia","Less than 25 years","Percentage of active population","Total","27.6",""
"2010","Slovakia","Less than 25 years","Percentage of active population","Total","33.9",""
"2011","Slovakia","Less than 25 years","Percentage of active population","Total","33.7","i"
"2012","Slovakia","Less than 25 years","Percentage of active population","Total","34.0",""
"2013","Slovakia","Less than 25 years","Percentage of active population","Total","33.7",""
"2014","Slovakia","Less than 25 years","Percentage of active population","Total","29.7",""
"2015","Slovakia","Less than 25 years","Percentage of active population","Total","26.5",""
"2016","Slovakia","Less than 25 years","Percentage of active population","Total","22.2",""
"2007","Finland","Less than 25 years","Percentage of active population","Total","16.5",""
"2008","Finland","Less than 25 years","Percentage of active population","Total","16.5",""
"2009","Finland","Less than 25 years","Percentage of active population","Total","21.5",""
"2010","Finland","Less than 25 years","Percentage of active population","Total","21.4",""
"2011","Finland","Less than 25 years","Percentage of active population","Total","20.1",""
"2012","Finland","Less than 25 years","Percentage of active population","Total","19.0",""
"2013","Finland","Less than 25 years","Percentage of active population","Total","19.9",""
"2014","Finland","Less than 25 years","Percentage of active population","Total","20.5",""
"2015","Finland","Less than 25 years","Percentage of active population","Total","22.4",""
"2016","Finland","Less than 25 years","Percentage of active population","Total","20.1",""
"2007","Sweden","Less than 25 years","Percentage of active population","Total","19.2",""
"2008","Sweden","Less than 25 years","Percentage of active population","Total","20.2",""
"2009","Sweden","Less than 25 years","Percentage of active population","Total","25.0",""
"2010","Sweden","Less than 25 years","Percentage of active population","Total","24.8",""
"2011","Sweden","Less than 25 years","Percentage of active population","Total","22.8",""
"2012","Sweden","Less than 25 years","Percentage of active population","Total","23.7",""
"2013","Sweden","Less than 25 years","Percentage of active population","Total","23.6",""
"2014","Sweden","Less than 25 years","Percentage of active population","Total","22.9",""
"2015","Sweden","Less than 25 years","Percentage of active population","Total","20.4",""
"2016","Sweden","Less than 25 years","Percentage of active population","Total","18.9",""
"2007","United Kingdom","Less than 25 years","Percentage of active population","Total","14.3",""
"2008","United Kingdom","Less than 25 years","Percentage of active population","Total","15.0",""
"2009","United Kingdom","Less than 25 years","Percentage of active population","Total","19.1",""
"2010","United Kingdom","Less than 25 years","Percentage of active population","Total","19.9",""
"2011","United Kingdom","Less than 25 years","Percentage of active population","Total","21.3",""
"2012","United Kingdom","Less than 25 years","Percentage of active population","Total","21.2",""
"2013","United Kingdom","Less than 25 years","Percentage of active population","Total","20.7",""
"2014","United Kingdom","Less than 25 years","Percentage of active population","Total","17.0",""
"2015","United Kingdom","Less than 25 years","Percentage of active population","Total","14.6",""
"2016","United Kingdom","Less than 25 years","Percentage of active population","Total","13.0",""
"2007","Iceland","Less than 25 years","Percentage of active population","Total","7.1",""
"2008","Iceland","Less than 25 years","Percentage of active population","Total","8.2",""
"2009","Iceland","Less than 25 years","Percentage of active population","Total","16.0",""
"2010","Iceland","Less than 25 years","Percentage of active population","Total","16.2",""
"2011","Iceland","Less than 25 years","Percentage of active population","Total","14.6",""
"2012","Iceland","Less than 25 years","Percentage of active population","Total","13.6",""
"2013","Iceland","Less than 25 years","Percentage of active population","Total","10.7",""
"2014","Iceland","Less than 25 years","Percentage of active population","Total","10.0",""
"2015","Iceland","Less than 25 years","Percentage of active population","Total","8.8",""
"2016","Iceland","Less than 25 years","Percentage of active population","Total","6.5",""
"2007","Norway","Less than 25 years","Percentage of active population","Total","7.2",""
"2008","Norway","Less than 25 years","Percentage of active population","Total","7.3",""
"2009","Norway","Less than 25 years","Percentage of active population","Total","9.2",""
"2010","Norway","Less than 25 years","Percentage of active population","Total","9.2",""
"2011","Norway","Less than 25 years","Percentage of active population","Total","8.7",""
"2012","Norway","Less than 25 years","Percentage of active population","Total","8.6",""
"2013","Norway","Less than 25 years","Percentage of active population","Total","9.1",""
"2014","Norway","Less than 25 years","Percentage of active population","Total","7.9",""
"2015","Norway","Less than 25 years","Percentage of active population","Total","9.9",""
"2016","Norway","Less than 25 years","Percentage of active population","Total","10.9",""
"2007","Turkey","Less than 25 years","Percentage of active population","Total","17.2","b"
"2008","Turkey","Less than 25 years","Percentage of active population","Total","18.5",""
"2009","Turkey","Less than 25 years","Percentage of active population","Total","22.8",""
"2010","Turkey","Less than 25 years","Percentage of active population","Total","19.8",""
"2011","Turkey","Less than 25 years","Percentage of active population","Total","16.9",""
"2012","Turkey","Less than 25 years","Percentage of active population","Total","15.8",""
"2013","Turkey","Less than 25 years","Percentage of active population","Total","17.1",""
"2014","Turkey","Less than 25 years","Percentage of active population","Total","18.0",""
"2015","Turkey","Less than 25 years","Percentage of active population","Total","18.6",""
"2016","Turkey","Less than 25 years","Percentage of active population","Total","19.6",""
"2007","United States","Less than 25 years","Percentage of active population","Total","10.5",""
"2008","United States","Less than 25 years","Percentage of active population","Total","12.8",""
"2009","United States","Less than 25 years","Percentage of active population","Total","17.6",""
"2010","United States","Less than 25 years","Percentage of active population","Total","18.4",""
"2011","United States","Less than 25 years","Percentage of active population","Total","17.3",""
"2012","United States","Less than 25 years","Percentage of active population","Total","16.2",""
"2013","United States","Less than 25 years","Percentage of active population","Total","15.5",""
"2014","United States","Less than 25 years","Percentage of active population","Total","13.4",""
"2015","United States","Less than 25 years","Percentage of active population","Total","11.6",""
"2016","United States","Less than 25 years","Percentage of active population","Total","10.4",""
"2007","Japan","Less than 25 years","Percentage of active population","Total","7.7",""
"2008","Japan","Less than 25 years","Percentage of active population","Total","7.3",""
"2009","Japan","Less than 25 years","Percentage of active population","Total","9.3",""
"2010","Japan","Less than 25 years","Percentage of active population","Total","9.5",""
"2011","Japan","Less than 25 years","Percentage of active population","Total","8.3","b"
"2012","Japan","Less than 25 years","Percentage of active population","Total","8.2",""
"2013","Japan","Less than 25 years","Percentage of active population","Total","6.8",""
"2014","Japan","Less than 25 years","Percentage of active population","Total","6.2",""
"2015","Japan","Less than 25 years","Percentage of active population","Total","5.5",""
"2016","Japan","Less than 25 years","Percentage of active population","Total","5.1",""
