"TIME","GEO","AGE","UNIT","SEX","Value","Flag and Footnotes"
"2007","European Union (28 countries)","Total","Thousand persons","Total","16,987",""
"2008","European Union (28 countries)","Total","Thousand persons","Total","16,751",""
"2009","European Union (28 countries)","Total","Thousand persons","Total","21,360",""
"2010","European Union (28 countries)","Total","Thousand persons","Total","22,989",""
"2011","European Union (28 countries)","Total","Thousand persons","Total","23,124",""
"2012","European Union (28 countries)","Total","Thousand persons","Total","25,266",""
"2013","European Union (28 countries)","Total","Thousand persons","Total","26,304",""
"2014","European Union (28 countries)","Total","Thousand persons","Total","24,807",""
"2015","European Union (28 countries)","Total","Thousand persons","Total","22,879",""
"2016","European Union (28 countries)","Total","Thousand persons","Total","20,917",""
"2007","European Union (27 countries)","Total","Thousand persons","Total","16,797",""
"2008","European Union (27 countries)","Total","Thousand persons","Total","16,585",""
"2009","European Union (27 countries)","Total","Thousand persons","Total","21,180",""
"2010","European Union (27 countries)","Total","Thousand persons","Total","22,765",""
"2011","European Union (27 countries)","Total","Thousand persons","Total","22,868",""
"2012","European Union (27 countries)","Total","Thousand persons","Total","24,974",""
"2013","European Union (27 countries)","Total","Thousand persons","Total","25,984",""
"2014","European Union (27 countries)","Total","Thousand persons","Total","24,482",""
"2015","European Union (27 countries)","Total","Thousand persons","Total","22,575",""
"2016","European Union (27 countries)","Total","Thousand persons","Total","20,672",""
"2007","European Union (25 countries)","Total","Thousand persons","Total","15,921",""
"2008","European Union (25 countries)","Total","Thousand persons","Total","15,834",""
"2009","European Union (25 countries)","Total","Thousand persons","Total","20,316",""
"2010","European Union (25 countries)","Total","Thousand persons","Total","21,761",""
"2011","European Union (25 countries)","Total","Thousand persons","Total","21,832",""
"2012","European Union (25 countries)","Total","Thousand persons","Total","23,936",""
"2013","European Union (25 countries)","Total","Thousand persons","Total","24,895",""
"2014","European Union (25 countries)","Total","Thousand persons","Total","23,468",""
"2015","European Union (25 countries)","Total","Thousand persons","Total","21,646",""
"2016","European Union (25 countries)","Total","Thousand persons","Total","19,895",""
"2007","Euro area (EA11-2000, EA12-2006, EA13-2007, EA15-2008, EA16-2010, EA17-2013, EA18-2014, EA19)","Total","Thousand persons","Total","11,238",""
"2008","Euro area (EA11-2000, EA12-2006, EA13-2007, EA15-2008, EA16-2010, EA17-2013, EA18-2014, EA19)","Total","Thousand persons","Total","11,482",""
"2009","Euro area (EA11-2000, EA12-2006, EA13-2007, EA15-2008, EA16-2010, EA17-2013, EA18-2014, EA19)","Total","Thousand persons","Total","14,736",""
"2010","Euro area (EA11-2000, EA12-2006, EA13-2007, EA15-2008, EA16-2010, EA17-2013, EA18-2014, EA19)","Total","Thousand persons","Total","15,565",""
"2011","Euro area (EA11-2000, EA12-2006, EA13-2007, EA15-2008, EA16-2010, EA17-2013, EA18-2014, EA19)","Total","Thousand persons","Total","15,791",""
"2012","Euro area (EA11-2000, EA12-2006, EA13-2007, EA15-2008, EA16-2010, EA17-2013, EA18-2014, EA19)","Total","Thousand persons","Total","17,840",""
"2013","Euro area (EA11-2000, EA12-2006, EA13-2007, EA15-2008, EA16-2010, EA17-2013, EA18-2014, EA19)","Total","Thousand persons","Total","18,952",""
"2014","Euro area (EA11-2000, EA12-2006, EA13-2007, EA15-2008, EA16-2010, EA17-2013, EA18-2014, EA19)","Total","Thousand persons","Total","18,480",""
"2015","Euro area (EA11-2000, EA12-2006, EA13-2007, EA15-2008, EA16-2010, EA17-2013, EA18-2014, EA19)","Total","Thousand persons","Total","17,451",""
"2016","Euro area (EA11-2000, EA12-2006, EA13-2007, EA15-2008, EA16-2010, EA17-2013, EA18-2014, EA19)","Total","Thousand persons","Total","16,233",""
"2007","Euro area (19 countries)","Total","Thousand persons","Total","11,722",""
"2008","Euro area (19 countries)","Total","Thousand persons","Total","11,951",""
"2009","Euro area (19 countries)","Total","Thousand persons","Total","15,233",""
"2010","Euro area (19 countries)","Total","Thousand persons","Total","16,156",""
"2011","Euro area (19 countries)","Total","Thousand persons","Total","16,185",""
"2012","Euro area (19 countries)","Total","Thousand persons","Total","18,192",""
"2013","Euro area (19 countries)","Total","Thousand persons","Total","19,244",""
"2014","Euro area (19 countries)","Total","Thousand persons","Total","18,638",""
"2015","Euro area (19 countries)","Total","Thousand persons","Total","17,451",""
"2016","Euro area (19 countries)","Total","Thousand persons","Total","16,233",""
"2007","Euro area (18 countries)","Total","Thousand persons","Total","11,658",""
"2008","Euro area (18 countries)","Total","Thousand persons","Total","11,863",""
"2009","Euro area (18 countries)","Total","Thousand persons","Total","15,022",""
"2010","Euro area (18 countries)","Total","Thousand persons","Total","15,885",""
"2011","Euro area (18 countries)","Total","Thousand persons","Total","15,957",""
"2012","Euro area (18 countries)","Total","Thousand persons","Total","17,995",""
"2013","Euro area (18 countries)","Total","Thousand persons","Total","19,072",""
"2014","Euro area (18 countries)","Total","Thousand persons","Total","18,480",""
"2015","Euro area (18 countries)","Total","Thousand persons","Total","17,317",""
"2016","Euro area (18 countries)","Total","Thousand persons","Total","16,116",""
"2007","Belgium","Total","Thousand persons","Total","353",""
"2008","Belgium","Total","Thousand persons","Total","333",""
"2009","Belgium","Total","Thousand persons","Total","380",""
"2010","Belgium","Total","Thousand persons","Total","406",""
"2011","Belgium","Total","Thousand persons","Total","347",""
"2012","Belgium","Total","Thousand persons","Total","369",""
"2013","Belgium","Total","Thousand persons","Total","417",""
"2014","Belgium","Total","Thousand persons","Total","423",""
"2015","Belgium","Total","Thousand persons","Total","422",""
"2016","Belgium","Total","Thousand persons","Total","390",""
"2007","Bulgaria","Total","Thousand persons","Total","242",""
"2008","Bulgaria","Total","Thousand persons","Total","202",""
"2009","Bulgaria","Total","Thousand persons","Total","240",""
"2010","Bulgaria","Total","Thousand persons","Total","352","i"
"2011","Bulgaria","Total","Thousand persons","Total","376",""
"2012","Bulgaria","Total","Thousand persons","Total","410",""
"2013","Bulgaria","Total","Thousand persons","Total","436",""
"2014","Bulgaria","Total","Thousand persons","Total","385",""
"2015","Bulgaria","Total","Thousand persons","Total","305",""
"2016","Bulgaria","Total","Thousand persons","Total","247",""
"2007","Czech Republic","Total","Thousand persons","Total","276",""
"2008","Czech Republic","Total","Thousand persons","Total","230",""
"2009","Czech Republic","Total","Thousand persons","Total","352",""
"2010","Czech Republic","Total","Thousand persons","Total","384",""
"2011","Czech Republic","Total","Thousand persons","Total","351",""
"2012","Czech Republic","Total","Thousand persons","Total","367",""
"2013","Czech Republic","Total","Thousand persons","Total","370",""
"2014","Czech Republic","Total","Thousand persons","Total","324",""
"2015","Czech Republic","Total","Thousand persons","Total","268",""
"2016","Czech Republic","Total","Thousand persons","Total","212",""
"2007","Denmark","Total","Thousand persons","Total","111",""
"2008","Denmark","Total","Thousand persons","Total","101",""
"2009","Denmark","Total","Thousand persons","Total","177",""
"2010","Denmark","Total","Thousand persons","Total","218",""
"2011","Denmark","Total","Thousand persons","Total","221",""
"2012","Denmark","Total","Thousand persons","Total","219",""
"2013","Denmark","Total","Thousand persons","Total","202",""
"2014","Denmark","Total","Thousand persons","Total","191",""
"2015","Denmark","Total","Thousand persons","Total","181",""
"2016","Denmark","Total","Thousand persons","Total","187",""
"2007","Germany (until 1990 former territory of the FRG)","Total","Thousand persons","Total","3,473",""
"2008","Germany (until 1990 former territory of the FRG)","Total","Thousand persons","Total","3,018",""
"2009","Germany (until 1990 former territory of the FRG)","Total","Thousand persons","Total","3,098",""
"2010","Germany (until 1990 former territory of the FRG)","Total","Thousand persons","Total","2,821",""
"2011","Germany (until 1990 former territory of the FRG)","Total","Thousand persons","Total","2,399",""
"2012","Germany (until 1990 former territory of the FRG)","Total","Thousand persons","Total","2,224",""
"2013","Germany (until 1990 former territory of the FRG)","Total","Thousand persons","Total","2,182",""
"2014","Germany (until 1990 former territory of the FRG)","Total","Thousand persons","Total","2,090",""
"2015","Germany (until 1990 former territory of the FRG)","Total","Thousand persons","Total","1,950",""
"2016","Germany (until 1990 former territory of the FRG)","Total","Thousand persons","Total","1,774",""
"2007","Estonia","Total","Thousand persons","Total","32",""
"2008","Estonia","Total","Thousand persons","Total","38","i"
"2009","Estonia","Total","Thousand persons","Total","93",""
"2010","Estonia","Total","Thousand persons","Total","114",""
"2011","Estonia","Total","Thousand persons","Total","85",""
"2012","Estonia","Total","Thousand persons","Total","68",""
"2013","Estonia","Total","Thousand persons","Total","59",""
"2014","Estonia","Total","Thousand persons","Total","50",""
"2015","Estonia","Total","Thousand persons","Total","42",""
"2016","Estonia","Total","Thousand persons","Total","47",""
"2007","Ireland","Total","Thousand persons","Total","105",""
"2008","Ireland","Total","Thousand persons","Total","146",""
"2009","Ireland","Total","Thousand persons","Total","268",""
"2010","Ireland","Total","Thousand persons","Total","303",""
"2011","Ireland","Total","Thousand persons","Total","317",""
"2012","Ireland","Total","Thousand persons","Total","316",""
"2013","Ireland","Total","Thousand persons","Total","282",""
"2014","Ireland","Total","Thousand persons","Total","243",""
"2015","Ireland","Total","Thousand persons","Total","204",""
"2016","Ireland","Total","Thousand persons","Total","173",""
"2007","Greece","Total","Thousand persons","Total","418",""
"2008","Greece","Total","Thousand persons","Total","388",""
"2009","Greece","Total","Thousand persons","Total","485",""
"2010","Greece","Total","Thousand persons","Total","639",""
"2011","Greece","Total","Thousand persons","Total","882",""
"2012","Greece","Total","Thousand persons","Total","1,195",""
"2013","Greece","Total","Thousand persons","Total","1,330",""
"2014","Greece","Total","Thousand persons","Total","1,274",""
"2015","Greece","Total","Thousand persons","Total","1,197",""
"2016","Greece","Total","Thousand persons","Total","1,131",""
"2007","Spain","Total","Thousand persons","Total","1,846",""
"2008","Spain","Total","Thousand persons","Total","2,596",""
"2009","Spain","Total","Thousand persons","Total","4,154",""
"2010","Spain","Total","Thousand persons","Total","4,640",""
"2011","Spain","Total","Thousand persons","Total","5,013",""
"2012","Spain","Total","Thousand persons","Total","5,811",""
"2013","Spain","Total","Thousand persons","Total","6,051",""
"2014","Spain","Total","Thousand persons","Total","5,610",""
"2015","Spain","Total","Thousand persons","Total","5,056",""
"2016","Spain","Total","Thousand persons","Total","4,481",""
"2007","France","Total","Thousand persons","Total","2,268",""
"2008","France","Total","Thousand persons","Total","2,121",""
"2009","France","Total","Thousand persons","Total","2,622",""
"2010","France","Total","Thousand persons","Total","2,680",""
"2011","France","Total","Thousand persons","Total","2,665",""
"2012","France","Total","Thousand persons","Total","2,855",""
"2013","France","Total","Thousand persons","Total","3,026",""
"2014","France","Total","Thousand persons","Total","3,032",""
"2015","France","Total","Thousand persons","Total","3,054",""
"2016","France","Total","Thousand persons","Total","2,972",""
"2007","Croatia","Total","Thousand persons","Total","190",""
"2008","Croatia","Total","Thousand persons","Total","166",""
"2009","Croatia","Total","Thousand persons","Total","180",""
"2010","Croatia","Total","Thousand persons","Total","224",""
"2011","Croatia","Total","Thousand persons","Total","256",""
"2012","Croatia","Total","Thousand persons","Total","292",""
"2013","Croatia","Total","Thousand persons","Total","320",""
"2014","Croatia","Total","Thousand persons","Total","325",""
"2015","Croatia","Total","Thousand persons","Total","304",""
"2016","Croatia","Total","Thousand persons","Total","245",""
"2007","Italy","Total","Thousand persons","Total","1,481",""
"2008","Italy","Total","Thousand persons","Total","1,664",""
"2009","Italy","Total","Thousand persons","Total","1,907",""
"2010","Italy","Total","Thousand persons","Total","2,056",""
"2011","Italy","Total","Thousand persons","Total","2,061",""
"2012","Italy","Total","Thousand persons","Total","2,691",""
"2013","Italy","Total","Thousand persons","Total","3,069",""
"2014","Italy","Total","Thousand persons","Total","3,236",""
"2015","Italy","Total","Thousand persons","Total","3,032",""
"2016","Italy","Total","Thousand persons","Total","3,012",""
"2007","Cyprus","Total","Thousand persons","Total","15",""
"2008","Cyprus","Total","Thousand persons","Total","15",""
"2009","Cyprus","Total","Thousand persons","Total","22",""
"2010","Cyprus","Total","Thousand persons","Total","26",""
"2011","Cyprus","Total","Thousand persons","Total","34",""
"2012","Cyprus","Total","Thousand persons","Total","52",""
"2013","Cyprus","Total","Thousand persons","Total","69",""
"2014","Cyprus","Total","Thousand persons","Total","70",""
"2015","Cyprus","Total","Thousand persons","Total","63",""
"2016","Cyprus","Total","Thousand persons","Total","54",""
"2007","Latvia","Total","Thousand persons","Total","68",""
"2008","Latvia","Total","Thousand persons","Total","88",""
"2009","Latvia","Total","Thousand persons","Total","193",""
"2010","Latvia","Total","Thousand persons","Total","206",""
"2011","Latvia","Total","Thousand persons","Total","167",""
"2012","Latvia","Total","Thousand persons","Total","155",""
"2013","Latvia","Total","Thousand persons","Total","120",""
"2014","Latvia","Total","Thousand persons","Total","108",""
"2015","Latvia","Total","Thousand persons","Total","98",""
"2016","Latvia","Total","Thousand persons","Total","95",""
"2007","Lithuania","Total","Thousand persons","Total","64",""
"2008","Lithuania","Total","Thousand persons","Total","88",""
"2009","Lithuania","Total","Thousand persons","Total","211",""
"2010","Lithuania","Total","Thousand persons","Total","270",""
"2011","Lithuania","Total","Thousand persons","Total","228",""
"2012","Lithuania","Total","Thousand persons","Total","197",""
"2013","Lithuania","Total","Thousand persons","Total","172",""
"2014","Lithuania","Total","Thousand persons","Total","158",""
"2015","Lithuania","Total","Thousand persons","Total","134",""
"2016","Lithuania","Total","Thousand persons","Total","116",""
"2007","Luxembourg","Total","Thousand persons","Total","9",""
"2008","Luxembourg","Total","Thousand persons","Total","10",""
"2009","Luxembourg","Total","Thousand persons","Total","12",""
"2010","Luxembourg","Total","Thousand persons","Total","11",""
"2011","Luxembourg","Total","Thousand persons","Total","11",""
"2012","Luxembourg","Total","Thousand persons","Total","13",""
"2013","Luxembourg","Total","Thousand persons","Total","15",""
"2014","Luxembourg","Total","Thousand persons","Total","16",""
"2015","Luxembourg","Total","Thousand persons","Total","18",""
"2016","Luxembourg","Total","Thousand persons","Total","18",""
"2007","Hungary","Total","Thousand persons","Total","312",""
"2008","Hungary","Total","Thousand persons","Total","326","i"
"2009","Hungary","Total","Thousand persons","Total","418",""
"2010","Hungary","Total","Thousand persons","Total","469",""
"2011","Hungary","Total","Thousand persons","Total","466",""
"2012","Hungary","Total","Thousand persons","Total","473",""
"2013","Hungary","Total","Thousand persons","Total","441",""
"2014","Hungary","Total","Thousand persons","Total","343",""
"2015","Hungary","Total","Thousand persons","Total","308",""
"2016","Hungary","Total","Thousand persons","Total","235",""
"2007","Malta","Total","Thousand persons","Total","11",""
"2008","Malta","Total","Thousand persons","Total","10",""
"2009","Malta","Total","Thousand persons","Total","12",""
"2010","Malta","Total","Thousand persons","Total","12",""
"2011","Malta","Total","Thousand persons","Total","11",""
"2012","Malta","Total","Thousand persons","Total","11",""
"2013","Malta","Total","Thousand persons","Total","12",""
"2014","Malta","Total","Thousand persons","Total","11",""
"2015","Malta","Total","Thousand persons","Total","11",""
"2016","Malta","Total","Thousand persons","Total","9",""
"2007","Netherlands","Total","Thousand persons","Total","355",""
"2008","Netherlands","Total","Thousand persons","Total","318",""
"2009","Netherlands","Total","Thousand persons","Total","381",""
"2010","Netherlands","Total","Thousand persons","Total","435",""
"2011","Netherlands","Total","Thousand persons","Total","434",""
"2012","Netherlands","Total","Thousand persons","Total","516",""
"2013","Netherlands","Total","Thousand persons","Total","647",""
"2014","Netherlands","Total","Thousand persons","Total","660",""
"2015","Netherlands","Total","Thousand persons","Total","614",""
"2016","Netherlands","Total","Thousand persons","Total","538",""
"2007","Austria","Total","Thousand persons","Total","200",""
"2008","Austria","Total","Thousand persons","Total","172",""
"2009","Austria","Total","Thousand persons","Total","223",""
"2010","Austria","Total","Thousand persons","Total","203",""
"2011","Austria","Total","Thousand persons","Total","194",""
"2012","Austria","Total","Thousand persons","Total","209",""
"2013","Austria","Total","Thousand persons","Total","231",""
"2014","Austria","Total","Thousand persons","Total","245",""
"2015","Austria","Total","Thousand persons","Total","252",""
"2016","Austria","Total","Thousand persons","Total","270",""
"2007","Poland","Total","Thousand persons","Total","1,579",""
"2008","Poland","Total","Thousand persons","Total","1,165",""
"2009","Poland","Total","Thousand persons","Total","1,359","i"
"2010","Poland","Total","Thousand persons","Total","1,650",""
"2011","Poland","Total","Thousand persons","Total","1,659",""
"2012","Poland","Total","Thousand persons","Total","1,749",""
"2013","Poland","Total","Thousand persons","Total","1,793",""
"2014","Poland","Total","Thousand persons","Total","1,567",""
"2015","Poland","Total","Thousand persons","Total","1,304",""
"2016","Poland","Total","Thousand persons","Total","1,063",""
"2007","Portugal","Total","Thousand persons","Total","494",""
"2008","Portugal","Total","Thousand persons","Total","476",""
"2009","Portugal","Total","Thousand persons","Total","574",""
"2010","Portugal","Total","Thousand persons","Total","645",""
"2011","Portugal","Total","Thousand persons","Total","688",""
"2012","Portugal","Total","Thousand persons","Total","835",""
"2013","Portugal","Total","Thousand persons","Total","855",""
"2014","Portugal","Total","Thousand persons","Total","729",""
"2015","Portugal","Total","Thousand persons","Total","648",""
"2016","Portugal","Total","Thousand persons","Total","571",""
"2007","Romania","Total","Thousand persons","Total","634",""
"2008","Romania","Total","Thousand persons","Total","549",""
"2009","Romania","Total","Thousand persons","Total","624",""
"2010","Romania","Total","Thousand persons","Total","652",""
"2011","Romania","Total","Thousand persons","Total","659",""
"2012","Romania","Total","Thousand persons","Total","627",""
"2013","Romania","Total","Thousand persons","Total","653",""
"2014","Romania","Total","Thousand persons","Total","629",""
"2015","Romania","Total","Thousand persons","Total","624",""
"2016","Romania","Total","Thousand persons","Total","530",""
"2007","Slovenia","Total","Thousand persons","Total","50",""
"2008","Slovenia","Total","Thousand persons","Total","46",""
"2009","Slovenia","Total","Thousand persons","Total","61",""
"2010","Slovenia","Total","Thousand persons","Total","75",""
"2011","Slovenia","Total","Thousand persons","Total","83",""
"2012","Slovenia","Total","Thousand persons","Total","90",""
"2013","Slovenia","Total","Thousand persons","Total","102",""
"2014","Slovenia","Total","Thousand persons","Total","98",""
"2015","Slovenia","Total","Thousand persons","Total","90",""
"2016","Slovenia","Total","Thousand persons","Total","80",""
"2007","Slovakia","Total","Thousand persons","Total","293",""
"2008","Slovakia","Total","Thousand persons","Total","254",""
"2009","Slovakia","Total","Thousand persons","Total","321",""
"2010","Slovakia","Total","Thousand persons","Total","386",""
"2011","Slovakia","Total","Thousand persons","Total","363","i"
"2012","Slovakia","Total","Thousand persons","Total","378",""
"2013","Slovakia","Total","Thousand persons","Total","386",""
"2014","Slovakia","Total","Thousand persons","Total","359",""
"2015","Slovakia","Total","Thousand persons","Total","314",""
"2016","Slovakia","Total","Thousand persons","Total","267",""
"2007","Finland","Total","Thousand persons","Total","183",""
"2008","Finland","Total","Thousand persons","Total","172",""
"2009","Finland","Total","Thousand persons","Total","221",""
"2010","Finland","Total","Thousand persons","Total","224",""
"2011","Finland","Total","Thousand persons","Total","209",""
"2012","Finland","Total","Thousand persons","Total","207",""
"2013","Finland","Total","Thousand persons","Total","219",""
"2014","Finland","Total","Thousand persons","Total","232",""
"2015","Finland","Total","Thousand persons","Total","252",""
"2016","Finland","Total","Thousand persons","Total","237",""
"2007","Sweden","Total","Thousand persons","Total","298",""
"2008","Sweden","Total","Thousand persons","Total","305",""
"2009","Sweden","Total","Thousand persons","Total","408",""
"2010","Sweden","Total","Thousand persons","Total","425",""
"2011","Sweden","Total","Thousand persons","Total","390",""
"2012","Sweden","Total","Thousand persons","Total","403",""
"2013","Sweden","Total","Thousand persons","Total","411",""
"2014","Sweden","Total","Thousand persons","Total","411",""
"2015","Sweden","Total","Thousand persons","Total","387",""
"2016","Sweden","Total","Thousand persons","Total","366",""
"2007","United Kingdom","Total","Thousand persons","Total","1,624",""
"2008","United Kingdom","Total","Thousand persons","Total","1,757",""
"2009","United Kingdom","Total","Thousand persons","Total","2,369",""
"2010","United Kingdom","Total","Thousand persons","Total","2,459",""
"2011","United Kingdom","Total","Thousand persons","Total","2,559",""
"2012","United Kingdom","Total","Thousand persons","Total","2,534",""
"2013","United Kingdom","Total","Thousand persons","Total","2,437",""
"2014","United Kingdom","Total","Thousand persons","Total","1,996",""
"2015","United Kingdom","Total","Thousand persons","Total","1,746",""
"2016","United Kingdom","Total","Thousand persons","Total","1,599",""
"2007","Iceland","Total","Thousand persons","Total","4,161",""
"2008","Iceland","Total","Thousand persons","Total","5,505",""
"2009","Iceland","Total","Thousand persons","Total","13,077",""
"2010","Iceland","Total","Thousand persons","Total","13,674",""
"2011","Iceland","Total","Thousand persons","Total","12,704",""
"2012","Iceland","Total","Thousand persons","Total","10,874",""
"2013","Iceland","Total","Thousand persons","Total","9,973",""
"2014","Iceland","Total","Thousand persons","Total","9,276",""
"2015","Iceland","Total","Thousand persons","Total","7,635",""
"2016","Iceland","Total","Thousand persons","Total","5,883",""
"2007","Norway","Total","Thousand persons","Total","63",""
"2008","Norway","Total","Thousand persons","Total","66",""
"2009","Norway","Total","Thousand persons","Total","82",""
"2010","Norway","Total","Thousand persons","Total","93",""
"2011","Norway","Total","Thousand persons","Total","87",""
"2012","Norway","Total","Thousand persons","Total","85",""
"2013","Norway","Total","Thousand persons","Total","95",""
"2014","Norway","Total","Thousand persons","Total","96",""
"2015","Norway","Total","Thousand persons","Total","121",""
"2016","Norway","Total","Thousand persons","Total","132",""
"2007","Turkey","Total","Thousand persons","Total","2,039","b"
"2008","Turkey","Total","Thousand persons","Total","2,293",""
"2009","Turkey","Total","Thousand persons","Total","3,089",""
"2010","Turkey","Total","Thousand persons","Total","2,739",""
"2011","Turkey","Total","Thousand persons","Total","2,333",""
"2012","Turkey","Total","Thousand persons","Total","2,203",""
"2013","Turkey","Total","Thousand persons","Total","2,449",""
"2014","Turkey","Total","Thousand persons","Total","2,860",""
"2015","Turkey","Total","Thousand persons","Total","3,054",""
"2016","Turkey","Total","Thousand persons","Total","3,330",""
"2007","United States","Total","Thousand persons","Total","7,077",""
"2008","United States","Total","Thousand persons","Total","8,924",""
"2009","United States","Total","Thousand persons","Total","14,264",""
"2010","United States","Total","Thousand persons","Total","14,825",""
"2011","United States","Total","Thousand persons","Total","13,747",""
"2012","United States","Total","Thousand persons","Total","12,506",""
"2013","United States","Total","Thousand persons","Total","11,459",""
"2014","United States","Total","Thousand persons","Total","9,616",""
"2015","United States","Total","Thousand persons","Total","8,297",""
"2016","United States","Total","Thousand persons","Total","7,751",""
"2007","Japan","Total","Thousand persons","Total","2,568",""
"2008","Japan","Total","Thousand persons","Total","2,658",""
"2009","Japan","Total","Thousand persons","Total","3,367",""
"2010","Japan","Total","Thousand persons","Total","3,347",""
"2011","Japan","Total","Thousand persons","Total","3,019","b"
"2012","Japan","Total","Thousand persons","Total","2,848",""
"2013","Japan","Total","Thousand persons","Total","2,668",""
"2014","Japan","Total","Thousand persons","Total","2,380",""
"2015","Japan","Total","Thousand persons","Total","2,233",""
"2016","Japan","Total","Thousand persons","Total","2,078",""
